[0.183s] DEBUG:colcon:Command line arguments: ['/usr/bin/colcon', 'build']
[0.183s] DEBUG:colcon:Parsed command line arguments: Namespace(log_base=None, log_level=None, verb_name='build', build_base='build', install_base='install', merge_install=False, symlink_install=False, test_result_base=None, continue_on_error=False, executor='parallel', parallel_workers=16, event_handlers=None, ignore_user_meta=False, metas=['./colcon.meta'], base_paths=['.'], packages_ignore=None, packages_ignore_regex=None, paths=None, packages_up_to=None, packages_up_to_regex=None, packages_above=None, packages_above_and_dependencies=None, packages_above_depth=None, packages_select_by_dep=None, packages_skip_by_dep=None, packages_skip_up_to=None, packages_select_build_failed=False, packages_skip_build_finished=False, packages_select_test_failures=False, packages_skip_test_passed=False, packages_select=None, packages_skip=None, packages_select_regex=None, packages_skip_regex=None, packages_start=None, packages_end=None, allow_overriding=[], cmake_args=None, cmake_target=None, cmake_target_skip_unavailable=False, cmake_clean_cache=False, cmake_clean_first=False, cmake_force_configure=False, ament_cmake_args=None, catkin_cmake_args=None, catkin_skip_building_tests=False, mixin_files=None, mixin=None, verb_parser=<colcon_mixin.mixin.mixin_argument.MixinArgumentDecorator object at 0x7469f074f490>, verb_extension=<colcon_core.verb.build.BuildVerb object at 0x7469f074eec0>, main=<bound method BuildVerb.main of <colcon_core.verb.build.BuildVerb object at 0x7469f074eec0>>, mixin_verb=('build',))
[0.450s] Level 1:colcon.colcon_core.package_discovery:discover_packages(colcon_meta) check parameters
[0.450s] Level 1:colcon.colcon_core.package_discovery:discover_packages(recursive) check parameters
[0.450s] Level 1:colcon.colcon_core.package_discovery:discover_packages(ignore) check parameters
[0.450s] Level 1:colcon.colcon_core.package_discovery:discover_packages(path) check parameters
[0.450s] Level 1:colcon.colcon_core.package_discovery:discover_packages(colcon_meta) discover
[0.450s] Level 1:colcon.colcon_core.package_discovery:discover_packages(recursive) discover
[0.450s] INFO:colcon.colcon_core.package_discovery:Crawling recursively for packages in '/home/p/ws_demo2'
[0.450s] Level 1:colcon.colcon_core.package_identification:_identify(.) by extensions ['ignore', 'ignore_ament_install']
[0.451s] Level 1:colcon.colcon_core.package_identification:_identify(.) by extension 'ignore'
[0.451s] Level 1:colcon.colcon_core.package_identification:_identify(.) by extension 'ignore_ament_install'
[0.451s] Level 1:colcon.colcon_core.package_identification:_identify(.) by extensions ['colcon_pkg']
[0.451s] Level 1:colcon.colcon_core.package_identification:_identify(.) by extension 'colcon_pkg'
[0.451s] Level 1:colcon.colcon_core.package_identification:_identify(.) by extensions ['colcon_meta']
[0.451s] Level 1:colcon.colcon_core.package_identification:_identify(.) by extension 'colcon_meta'
[0.451s] Level 1:colcon.colcon_core.package_identification:_identify(.) by extensions ['ros']
[0.451s] Level 1:colcon.colcon_core.package_identification:_identify(.) by extension 'ros'
[0.466s] Level 1:colcon.colcon_core.package_identification:_identify(.) by extensions ['cmake', 'python']
[0.466s] Level 1:colcon.colcon_core.package_identification:_identify(.) by extension 'cmake'
[0.467s] Level 1:colcon.colcon_core.package_identification:_identify(.) by extension 'python'
[0.467s] Level 1:colcon.colcon_core.package_identification:_identify(.) by extensions ['python_setup_py']
[0.467s] Level 1:colcon.colcon_core.package_identification:_identify(.) by extension 'python_setup_py'
[0.467s] Level 1:colcon.colcon_core.package_identification:_identify(build) by extensions ['ignore', 'ignore_ament_install']
[0.467s] Level 1:colcon.colcon_core.package_identification:_identify(build) by extension 'ignore'
[0.467s] Level 1:colcon.colcon_core.package_identification:_identify(build) ignored
[0.467s] Level 1:colcon.colcon_core.package_identification:_identify(install) by extensions ['ignore', 'ignore_ament_install']
[0.467s] Level 1:colcon.colcon_core.package_identification:_identify(install) by extension 'ignore'
[0.467s] Level 1:colcon.colcon_core.package_identification:_identify(install) ignored
[0.468s] Level 1:colcon.colcon_core.package_identification:_identify(log) by extensions ['ignore', 'ignore_ament_install']
[0.468s] Level 1:colcon.colcon_core.package_identification:_identify(log) by extension 'ignore'
[0.468s] Level 1:colcon.colcon_core.package_identification:_identify(log) ignored
[0.468s] Level 1:colcon.colcon_core.package_identification:_identify(src) by extensions ['ignore', 'ignore_ament_install']
[0.468s] Level 1:colcon.colcon_core.package_identification:_identify(src) by extension 'ignore'
[0.468s] Level 1:colcon.colcon_core.package_identification:_identify(src) by extension 'ignore_ament_install'
[0.468s] Level 1:colcon.colcon_core.package_identification:_identify(src) by extensions ['colcon_pkg']
[0.468s] Level 1:colcon.colcon_core.package_identification:_identify(src) by extension 'colcon_pkg'
[0.468s] Level 1:colcon.colcon_core.package_identification:_identify(src) by extensions ['colcon_meta']
[0.468s] Level 1:colcon.colcon_core.package_identification:_identify(src) by extension 'colcon_meta'
[0.468s] Level 1:colcon.colcon_core.package_identification:_identify(src) by extensions ['ros']
[0.468s] Level 1:colcon.colcon_core.package_identification:_identify(src) by extension 'ros'
[0.469s] Level 1:colcon.colcon_core.package_identification:_identify(src) by extensions ['cmake', 'python']
[0.469s] Level 1:colcon.colcon_core.package_identification:_identify(src) by extension 'cmake'
[0.469s] Level 1:colcon.colcon_core.package_identification:_identify(src) by extension 'python'
[0.469s] Level 1:colcon.colcon_core.package_identification:_identify(src) by extensions ['python_setup_py']
[0.469s] Level 1:colcon.colcon_core.package_identification:_identify(src) by extension 'python_setup_py'
[0.469s] Level 1:colcon.colcon_core.package_identification:_identify(src/camera_image) by extensions ['ignore', 'ignore_ament_install']
[0.469s] Level 1:colcon.colcon_core.package_identification:_identify(src/camera_image) by extension 'ignore'
[0.469s] Level 1:colcon.colcon_core.package_identification:_identify(src/camera_image) by extension 'ignore_ament_install'
[0.469s] Level 1:colcon.colcon_core.package_identification:_identify(src/camera_image) by extensions ['colcon_pkg']
[0.469s] Level 1:colcon.colcon_core.package_identification:_identify(src/camera_image) by extension 'colcon_pkg'
[0.469s] Level 1:colcon.colcon_core.package_identification:_identify(src/camera_image) by extensions ['colcon_meta']
[0.469s] Level 1:colcon.colcon_core.package_identification:_identify(src/camera_image) by extension 'colcon_meta'
[0.469s] Level 1:colcon.colcon_core.package_identification:_identify(src/camera_image) by extensions ['ros']
[0.470s] Level 1:colcon.colcon_core.package_identification:_identify(src/camera_image) by extension 'ros'
[0.474s] DEBUG:colcon.colcon_core.package_identification:Package 'src/camera_image' with type 'ros.ament_cmake' and name 'camera_image'
[0.474s] Level 1:colcon.colcon_core.package_identification:_identify(src/ibvs) by extensions ['ignore', 'ignore_ament_install']
[0.475s] Level 1:colcon.colcon_core.package_identification:_identify(src/ibvs) by extension 'ignore'
[0.475s] Level 1:colcon.colcon_core.package_identification:_identify(src/ibvs) by extension 'ignore_ament_install'
[0.475s] Level 1:colcon.colcon_core.package_identification:_identify(src/ibvs) by extensions ['colcon_pkg']
[0.475s] Level 1:colcon.colcon_core.package_identification:_identify(src/ibvs) by extension 'colcon_pkg'
[0.475s] Level 1:colcon.colcon_core.package_identification:_identify(src/ibvs) by extensions ['colcon_meta']
[0.475s] Level 1:colcon.colcon_core.package_identification:_identify(src/ibvs) by extension 'colcon_meta'
[0.476s] Level 1:colcon.colcon_core.package_identification:_identify(src/ibvs) by extensions ['ros']
[0.476s] Level 1:colcon.colcon_core.package_identification:_identify(src/ibvs) by extension 'ros'
[0.477s] DEBUG:colcon.colcon_core.package_identification:Package 'src/ibvs' with type 'ros.ament_cmake' and name 'ibvs'
[0.477s] Level 1:colcon.colcon_core.package_identification:_identify(src/ik) by extensions ['ignore', 'ignore_ament_install']
[0.478s] Level 1:colcon.colcon_core.package_identification:_identify(src/ik) by extension 'ignore'
[0.478s] Level 1:colcon.colcon_core.package_identification:_identify(src/ik) by extension 'ignore_ament_install'
[0.478s] Level 1:colcon.colcon_core.package_identification:_identify(src/ik) by extensions ['colcon_pkg']
[0.478s] Level 1:colcon.colcon_core.package_identification:_identify(src/ik) by extension 'colcon_pkg'
[0.478s] Level 1:colcon.colcon_core.package_identification:_identify(src/ik) by extensions ['colcon_meta']
[0.478s] Level 1:colcon.colcon_core.package_identification:_identify(src/ik) by extension 'colcon_meta'
[0.478s] Level 1:colcon.colcon_core.package_identification:_identify(src/ik) by extensions ['ros']
[0.478s] Level 1:colcon.colcon_core.package_identification:_identify(src/ik) by extension 'ros'
[0.480s] DEBUG:colcon.colcon_core.package_identification:Package 'src/ik' with type 'ros.ament_cmake' and name 'ik'
[0.480s] Level 1:colcon.colcon_core.package_identification:_identify(src/service_interfaces) by extensions ['ignore', 'ignore_ament_install']
[0.480s] Level 1:colcon.colcon_core.package_identification:_identify(src/service_interfaces) by extension 'ignore'
[0.480s] Level 1:colcon.colcon_core.package_identification:_identify(src/service_interfaces) by extension 'ignore_ament_install'
[0.480s] Level 1:colcon.colcon_core.package_identification:_identify(src/service_interfaces) by extensions ['colcon_pkg']
[0.480s] Level 1:colcon.colcon_core.package_identification:_identify(src/service_interfaces) by extension 'colcon_pkg'
[0.480s] Level 1:colcon.colcon_core.package_identification:_identify(src/service_interfaces) by extensions ['colcon_meta']
[0.480s] Level 1:colcon.colcon_core.package_identification:_identify(src/service_interfaces) by extension 'colcon_meta'
[0.481s] Level 1:colcon.colcon_core.package_identification:_identify(src/service_interfaces) by extensions ['ros']
[0.481s] Level 1:colcon.colcon_core.package_identification:_identify(src/service_interfaces) by extension 'ros'
[0.481s] DEBUG:colcon.colcon_core.package_identification:Package 'src/service_interfaces' with type 'ros.ament_cmake' and name 'service_interfaces'
[0.482s] Level 1:colcon.colcon_core.package_identification:_identify(src/ur_description) by extensions ['ignore', 'ignore_ament_install']
[0.482s] Level 1:colcon.colcon_core.package_identification:_identify(src/ur_description) by extension 'ignore'
[0.482s] Level 1:colcon.colcon_core.package_identification:_identify(src/ur_description) by extension 'ignore_ament_install'
[0.482s] Level 1:colcon.colcon_core.package_identification:_identify(src/ur_description) by extensions ['colcon_pkg']
[0.482s] Level 1:colcon.colcon_core.package_identification:_identify(src/ur_description) by extension 'colcon_pkg'
[0.482s] Level 1:colcon.colcon_core.package_identification:_identify(src/ur_description) by extensions ['colcon_meta']
[0.482s] Level 1:colcon.colcon_core.package_identification:_identify(src/ur_description) by extension 'colcon_meta'
[0.482s] Level 1:colcon.colcon_core.package_identification:_identify(src/ur_description) by extensions ['ros']
[0.482s] Level 1:colcon.colcon_core.package_identification:_identify(src/ur_description) by extension 'ros'
[0.492s] DEBUG:colcon.colcon_core.package_identification:Package 'src/ur_description' with type 'ros.ament_cmake' and name 'ur_description'
[0.492s] Level 1:colcon.colcon_core.package_discovery:discover_packages(recursive) using defaults
[0.492s] Level 1:colcon.colcon_core.package_discovery:discover_packages(ignore) discover
[0.492s] Level 1:colcon.colcon_core.package_discovery:discover_packages(ignore) using defaults
[0.493s] Level 1:colcon.colcon_core.package_discovery:discover_packages(path) discover
[0.493s] Level 1:colcon.colcon_core.package_discovery:discover_packages(path) using defaults
[0.522s] Level 1:colcon.colcon_core.package_discovery:discover_packages(prefix_path) check parameters
[0.523s] Level 1:colcon.colcon_core.package_discovery:discover_packages(prefix_path) discover
[0.528s] DEBUG:colcon.colcon_installed_package_information.package_discovery:Found 5 installed packages in /home/p/ws_demo2/install
[0.529s] DEBUG:colcon.colcon_installed_package_information.package_discovery:Found 1 installed packages in /home/p/ws_demo1/install
[0.529s] DEBUG:colcon.colcon_installed_package_information.package_discovery:Found 5 installed packages in /home/p/demo_ws2/install
[0.532s] DEBUG:colcon.colcon_installed_package_information.package_discovery:Found 55 installed packages in /home/p/ws_moveit2/install
[0.535s] DEBUG:colcon.colcon_installed_package_information.package_discovery:Found 391 installed packages in /opt/ros/humble
[0.540s] Level 1:colcon.colcon_core.package_discovery:discover_packages(prefix_path) using defaults
[0.620s] Level 5:colcon.colcon_core.verb:set package 'camera_image' build argument 'cmake_args' from command line to 'None'
[0.620s] Level 5:colcon.colcon_core.verb:set package 'camera_image' build argument 'cmake_target' from command line to 'None'
[0.620s] Level 5:colcon.colcon_core.verb:set package 'camera_image' build argument 'cmake_target_skip_unavailable' from command line to 'False'
[0.620s] Level 5:colcon.colcon_core.verb:set package 'camera_image' build argument 'cmake_clean_cache' from command line to 'False'
[0.620s] Level 5:colcon.colcon_core.verb:set package 'camera_image' build argument 'cmake_clean_first' from command line to 'False'
[0.620s] Level 5:colcon.colcon_core.verb:set package 'camera_image' build argument 'cmake_force_configure' from command line to 'False'
[0.620s] Level 5:colcon.colcon_core.verb:set package 'camera_image' build argument 'ament_cmake_args' from command line to 'None'
[0.620s] Level 5:colcon.colcon_core.verb:set package 'camera_image' build argument 'catkin_cmake_args' from command line to 'None'
[0.620s] Level 5:colcon.colcon_core.verb:set package 'camera_image' build argument 'catkin_skip_building_tests' from command line to 'False'
[0.620s] DEBUG:colcon.colcon_core.verb:Building package 'camera_image' with the following arguments: {'ament_cmake_args': None, 'build_base': '/home/p/ws_demo2/build/camera_image', 'catkin_cmake_args': None, 'catkin_skip_building_tests': False, 'cmake_args': None, 'cmake_clean_cache': False, 'cmake_clean_first': False, 'cmake_force_configure': False, 'cmake_target': None, 'cmake_target_skip_unavailable': False, 'install_base': '/home/p/ws_demo2/install/camera_image', 'merge_install': False, 'path': '/home/p/ws_demo2/src/camera_image', 'symlink_install': False, 'test_result_base': None}
[0.621s] Level 5:colcon.colcon_core.verb:set package 'service_interfaces' build argument 'cmake_args' from command line to 'None'
[0.621s] Level 5:colcon.colcon_core.verb:set package 'service_interfaces' build argument 'cmake_target' from command line to 'None'
[0.621s] Level 5:colcon.colcon_core.verb:set package 'service_interfaces' build argument 'cmake_target_skip_unavailable' from command line to 'False'
[0.621s] Level 5:colcon.colcon_core.verb:set package 'service_interfaces' build argument 'cmake_clean_cache' from command line to 'False'
[0.621s] Level 5:colcon.colcon_core.verb:set package 'service_interfaces' build argument 'cmake_clean_first' from command line to 'False'
[0.621s] Level 5:colcon.colcon_core.verb:set package 'service_interfaces' build argument 'cmake_force_configure' from command line to 'False'
[0.621s] Level 5:colcon.colcon_core.verb:set package 'service_interfaces' build argument 'ament_cmake_args' from command line to 'None'
[0.621s] Level 5:colcon.colcon_core.verb:set package 'service_interfaces' build argument 'catkin_cmake_args' from command line to 'None'
[0.621s] Level 5:colcon.colcon_core.verb:set package 'service_interfaces' build argument 'catkin_skip_building_tests' from command line to 'False'
[0.621s] DEBUG:colcon.colcon_core.verb:Building package 'service_interfaces' with the following arguments: {'ament_cmake_args': None, 'build_base': '/home/p/ws_demo2/build/service_interfaces', 'catkin_cmake_args': None, 'catkin_skip_building_tests': False, 'cmake_args': None, 'cmake_clean_cache': False, 'cmake_clean_first': False, 'cmake_force_configure': False, 'cmake_target': None, 'cmake_target_skip_unavailable': False, 'install_base': '/home/p/ws_demo2/install/service_interfaces', 'merge_install': False, 'path': '/home/p/ws_demo2/src/service_interfaces', 'symlink_install': False, 'test_result_base': None}
[0.622s] Level 5:colcon.colcon_core.verb:set package 'ur_description' build argument 'cmake_args' from command line to 'None'
[0.622s] Level 5:colcon.colcon_core.verb:set package 'ur_description' build argument 'cmake_target' from command line to 'None'
[0.622s] Level 5:colcon.colcon_core.verb:set package 'ur_description' build argument 'cmake_target_skip_unavailable' from command line to 'False'
[0.622s] Level 5:colcon.colcon_core.verb:set package 'ur_description' build argument 'cmake_clean_cache' from command line to 'False'
[0.622s] Level 5:colcon.colcon_core.verb:set package 'ur_description' build argument 'cmake_clean_first' from command line to 'False'
[0.622s] Level 5:colcon.colcon_core.verb:set package 'ur_description' build argument 'cmake_force_configure' from command line to 'False'
[0.622s] Level 5:colcon.colcon_core.verb:set package 'ur_description' build argument 'ament_cmake_args' from command line to 'None'
[0.622s] Level 5:colcon.colcon_core.verb:set package 'ur_description' build argument 'catkin_cmake_args' from command line to 'None'
[0.622s] Level 5:colcon.colcon_core.verb:set package 'ur_description' build argument 'catkin_skip_building_tests' from command line to 'False'
[0.622s] DEBUG:colcon.colcon_core.verb:Building package 'ur_description' with the following arguments: {'ament_cmake_args': None, 'build_base': '/home/p/ws_demo2/build/ur_description', 'catkin_cmake_args': None, 'catkin_skip_building_tests': False, 'cmake_args': None, 'cmake_clean_cache': False, 'cmake_clean_first': False, 'cmake_force_configure': False, 'cmake_target': None, 'cmake_target_skip_unavailable': False, 'install_base': '/home/p/ws_demo2/install/ur_description', 'merge_install': False, 'path': '/home/p/ws_demo2/src/ur_description', 'symlink_install': False, 'test_result_base': None}
[0.623s] Level 5:colcon.colcon_core.verb:set package 'ibvs' build argument 'cmake_args' from command line to 'None'
[0.623s] Level 5:colcon.colcon_core.verb:set package 'ibvs' build argument 'cmake_target' from command line to 'None'
[0.623s] Level 5:colcon.colcon_core.verb:set package 'ibvs' build argument 'cmake_target_skip_unavailable' from command line to 'False'
[0.623s] Level 5:colcon.colcon_core.verb:set package 'ibvs' build argument 'cmake_clean_cache' from command line to 'False'
[0.623s] Level 5:colcon.colcon_core.verb:set package 'ibvs' build argument 'cmake_clean_first' from command line to 'False'
[0.623s] Level 5:colcon.colcon_core.verb:set package 'ibvs' build argument 'cmake_force_configure' from command line to 'False'
[0.623s] Level 5:colcon.colcon_core.verb:set package 'ibvs' build argument 'ament_cmake_args' from command line to 'None'
[0.623s] Level 5:colcon.colcon_core.verb:set package 'ibvs' build argument 'catkin_cmake_args' from command line to 'None'
[0.623s] Level 5:colcon.colcon_core.verb:set package 'ibvs' build argument 'catkin_skip_building_tests' from command line to 'False'
[0.623s] DEBUG:colcon.colcon_core.verb:Building package 'ibvs' with the following arguments: {'ament_cmake_args': None, 'build_base': '/home/p/ws_demo2/build/ibvs', 'catkin_cmake_args': None, 'catkin_skip_building_tests': False, 'cmake_args': None, 'cmake_clean_cache': False, 'cmake_clean_first': False, 'cmake_force_configure': False, 'cmake_target': None, 'cmake_target_skip_unavailable': False, 'install_base': '/home/p/ws_demo2/install/ibvs', 'merge_install': False, 'path': '/home/p/ws_demo2/src/ibvs', 'symlink_install': False, 'test_result_base': None}
[0.624s] Level 5:colcon.colcon_core.verb:set package 'ik' build argument 'cmake_args' from command line to 'None'
[0.624s] Level 5:colcon.colcon_core.verb:set package 'ik' build argument 'cmake_target' from command line to 'None'
[0.624s] Level 5:colcon.colcon_core.verb:set package 'ik' build argument 'cmake_target_skip_unavailable' from command line to 'False'
[0.624s] Level 5:colcon.colcon_core.verb:set package 'ik' build argument 'cmake_clean_cache' from command line to 'False'
[0.624s] Level 5:colcon.colcon_core.verb:set package 'ik' build argument 'cmake_clean_first' from command line to 'False'
[0.624s] Level 5:colcon.colcon_core.verb:set package 'ik' build argument 'cmake_force_configure' from command line to 'False'
[0.624s] Level 5:colcon.colcon_core.verb:set package 'ik' build argument 'ament_cmake_args' from command line to 'None'
[0.624s] Level 5:colcon.colcon_core.verb:set package 'ik' build argument 'catkin_cmake_args' from command line to 'None'
[0.624s] Level 5:colcon.colcon_core.verb:set package 'ik' build argument 'catkin_skip_building_tests' from command line to 'False'
[0.624s] DEBUG:colcon.colcon_core.verb:Building package 'ik' with the following arguments: {'ament_cmake_args': None, 'build_base': '/home/p/ws_demo2/build/ik', 'catkin_cmake_args': None, 'catkin_skip_building_tests': False, 'cmake_args': None, 'cmake_clean_cache': False, 'cmake_clean_first': False, 'cmake_force_configure': False, 'cmake_target': None, 'cmake_target_skip_unavailable': False, 'install_base': '/home/p/ws_demo2/install/ik', 'merge_install': False, 'path': '/home/p/ws_demo2/src/ik', 'symlink_install': False, 'test_result_base': None}
[0.624s] INFO:colcon.colcon_core.executor:Executing jobs using 'parallel' executor
[0.626s] DEBUG:colcon.colcon_parallel_executor.executor.parallel:run_until_complete
[0.626s] INFO:colcon.colcon_ros.task.ament_cmake.build:Building ROS package in '/home/p/ws_demo2/src/service_interfaces' with build type 'ament_cmake'
[0.626s] INFO:colcon.colcon_cmake.task.cmake.build:Building CMake package in '/home/p/ws_demo2/src/service_interfaces'
[0.629s] INFO:colcon.colcon_core.plugin_system:Skipping extension 'colcon_core.shell.bat': Not used on non-Windows systems
[0.629s] INFO:colcon.colcon_core.shell:Skip shell extension 'powershell' for command environment: Not usable outside of PowerShell
[0.629s] DEBUG:colcon.colcon_core.shell:Skip shell extension 'dsv' for command environment
[0.641s] INFO:colcon.colcon_ros.task.ament_cmake.build:Building ROS package in '/home/p/ws_demo2/src/camera_image' with build type 'ament_cmake'
[0.641s] INFO:colcon.colcon_cmake.task.cmake.build:Building CMake package in '/home/p/ws_demo2/src/camera_image'
[0.641s] INFO:colcon.colcon_core.shell:Skip shell extension 'powershell' for command environment: Not usable outside of PowerShell
[0.641s] DEBUG:colcon.colcon_core.shell:Skip shell extension 'dsv' for command environment
[0.652s] INFO:colcon.colcon_ros.task.ament_cmake.build:Building ROS package in '/home/p/ws_demo2/src/ur_description' with build type 'ament_cmake'
[0.652s] INFO:colcon.colcon_cmake.task.cmake.build:Building CMake package in '/home/p/ws_demo2/src/ur_description'
[0.653s] INFO:colcon.colcon_core.shell:Skip shell extension 'powershell' for command environment: Not usable outside of PowerShell
[0.653s] DEBUG:colcon.colcon_core.shell:Skip shell extension 'dsv' for command environment
[0.670s] DEBUG:colcon.colcon_core.event_handler.log_command:Invoking command in '/home/p/ws_demo2/build/service_interfaces': CMAKE_PREFIX_PATH=${CMAKE_PREFIX_PATH}:/home/p/ws_moveit2/install/moveit_configs_utils:/home/p/ws_moveit2/install/launch_param_builder:/home/p/demo_ws2/install/ur20_joint_control:/home/p/demo_ws2/install/arm_joint_control:/opt/ros/humble /usr/local/bin/cmake --build /home/p/ws_demo2/build/service_interfaces -- -j16 -l16
[0.674s] DEBUG:colcon.colcon_core.event_handler.log_command:Invoking command in '/home/p/ws_demo2/build/camera_image': CMAKE_PREFIX_PATH=${CMAKE_PREFIX_PATH}:/home/p/ws_moveit2/install/moveit_configs_utils:/home/p/ws_moveit2/install/launch_param_builder:/home/p/demo_ws2/install/ur20_joint_control:/home/p/demo_ws2/install/arm_joint_control:/opt/ros/humble /usr/local/bin/cmake --build /home/p/ws_demo2/build/camera_image -- -j16 -l16
[0.679s] DEBUG:colcon.colcon_core.event_handler.log_command:Invoking command in '/home/p/ws_demo2/build/ur_description': CMAKE_PREFIX_PATH=${CMAKE_PREFIX_PATH}:/home/p/ws_moveit2/install/moveit_configs_utils:/home/p/ws_moveit2/install/launch_param_builder:/home/p/demo_ws2/install/ur20_joint_control:/home/p/demo_ws2/install/arm_joint_control:/opt/ros/humble /usr/local/bin/cmake --build /home/p/ws_demo2/build/ur_description -- -j16 -l16
[0.702s] DEBUG:colcon.colcon_core.event_handler.log_command:Invoked command in '/home/p/ws_demo2/build/ur_description' returned '0': CMAKE_PREFIX_PATH=${CMAKE_PREFIX_PATH}:/home/p/ws_moveit2/install/moveit_configs_utils:/home/p/ws_moveit2/install/launch_param_builder:/home/p/demo_ws2/install/ur20_joint_control:/home/p/demo_ws2/install/arm_joint_control:/opt/ros/humble /usr/local/bin/cmake --build /home/p/ws_demo2/build/ur_description -- -j16 -l16
[0.708s] DEBUG:colcon.colcon_core.event_handler.log_command:Invoking command in '/home/p/ws_demo2/build/ur_description': CMAKE_PREFIX_PATH=${CMAKE_PREFIX_PATH}:/home/p/ws_moveit2/install/moveit_configs_utils:/home/p/ws_moveit2/install/launch_param_builder:/home/p/demo_ws2/install/ur20_joint_control:/home/p/demo_ws2/install/arm_joint_control:/opt/ros/humble /usr/local/bin/cmake --install /home/p/ws_demo2/build/ur_description
[0.716s] Level 1:colcon.colcon_core.environment:create_environment_scripts_only(ur_description)
[0.730s] Level 1:colcon.colcon_core.environment:checking '/home/p/ws_demo2/install/ur_description' for CMake module files
[0.732s] Level 1:colcon.colcon_core.environment:checking '/home/p/ws_demo2/install/ur_description' for CMake config files
[0.734s] DEBUG:colcon.colcon_core.event_handler.log_command:Invoked command in '/home/p/ws_demo2/build/ur_description' returned '0': CMAKE_PREFIX_PATH=${CMAKE_PREFIX_PATH}:/home/p/ws_moveit2/install/moveit_configs_utils:/home/p/ws_moveit2/install/launch_param_builder:/home/p/demo_ws2/install/ur20_joint_control:/home/p/demo_ws2/install/arm_joint_control:/opt/ros/humble /usr/local/bin/cmake --install /home/p/ws_demo2/build/ur_description
[0.736s] Level 1:colcon.colcon_core.shell:create_environment_hook('ur_description', 'cmake_prefix_path')
[0.737s] INFO:colcon.colcon_core.shell:Creating environment hook '/home/p/ws_demo2/install/ur_description/share/ur_description/hook/cmake_prefix_path.ps1'
[0.738s] INFO:colcon.colcon_core.shell:Creating environment descriptor '/home/p/ws_demo2/install/ur_description/share/ur_description/hook/cmake_prefix_path.dsv'
[0.738s] INFO:colcon.colcon_core.shell:Creating environment hook '/home/p/ws_demo2/install/ur_description/share/ur_description/hook/cmake_prefix_path.sh'
[0.740s] Level 1:colcon.colcon_core.environment:checking '/home/p/ws_demo2/install/ur_description/bin'
[0.740s] Level 1:colcon.colcon_core.environment:checking '/home/p/ws_demo2/install/ur_description/lib/pkgconfig/ur_description.pc'
[0.740s] Level 1:colcon.colcon_core.environment:checking '/home/p/ws_demo2/install/ur_description/lib/python3.10/site-packages'
[0.741s] Level 1:colcon.colcon_core.environment:checking '/home/p/ws_demo2/install/ur_description/bin'
[0.741s] INFO:colcon.colcon_core.shell:Creating package script '/home/p/ws_demo2/install/ur_description/share/ur_description/package.ps1'
[0.742s] INFO:colcon.colcon_core.shell:Creating package descriptor '/home/p/ws_demo2/install/ur_description/share/ur_description/package.dsv'
[0.743s] INFO:colcon.colcon_core.shell:Creating package script '/home/p/ws_demo2/install/ur_description/share/ur_description/package.sh'
[0.744s] INFO:colcon.colcon_core.shell:Creating package script '/home/p/ws_demo2/install/ur_description/share/ur_description/package.bash'
[0.745s] INFO:colcon.colcon_core.shell:Creating package script '/home/p/ws_demo2/install/ur_description/share/ur_description/package.zsh'
[0.746s] Level 1:colcon.colcon_core.environment:create_file_with_runtime_dependencies(/home/p/ws_demo2/install/ur_description/share/colcon-core/packages/ur_description)
[0.747s] Level 1:colcon.colcon_core.environment:create_environment_scripts_only(ur_description)
[0.747s] Level 1:colcon.colcon_core.environment:checking '/home/p/ws_demo2/install/ur_description' for CMake module files
[0.748s] Level 1:colcon.colcon_core.environment:checking '/home/p/ws_demo2/install/ur_description' for CMake config files
[0.748s] Level 1:colcon.colcon_core.shell:create_environment_hook('ur_description', 'cmake_prefix_path')
[0.749s] INFO:colcon.colcon_core.shell:Creating environment hook '/home/p/ws_demo2/install/ur_description/share/ur_description/hook/cmake_prefix_path.ps1'
[0.749s] INFO:colcon.colcon_core.shell:Creating environment descriptor '/home/p/ws_demo2/install/ur_description/share/ur_description/hook/cmake_prefix_path.dsv'
[0.750s] INFO:colcon.colcon_core.shell:Creating environment hook '/home/p/ws_demo2/install/ur_description/share/ur_description/hook/cmake_prefix_path.sh'
[0.751s] Level 1:colcon.colcon_core.environment:checking '/home/p/ws_demo2/install/ur_description/bin'
[0.751s] Level 1:colcon.colcon_core.environment:checking '/home/p/ws_demo2/install/ur_description/lib/pkgconfig/ur_description.pc'
[0.751s] Level 1:colcon.colcon_core.environment:checking '/home/p/ws_demo2/install/ur_description/lib/python3.10/site-packages'
[0.751s] Level 1:colcon.colcon_core.environment:checking '/home/p/ws_demo2/install/ur_description/bin'
[0.752s] INFO:colcon.colcon_core.shell:Creating package script '/home/p/ws_demo2/install/ur_description/share/ur_description/package.ps1'
[0.753s] INFO:colcon.colcon_core.shell:Creating package descriptor '/home/p/ws_demo2/install/ur_description/share/ur_description/package.dsv'
[0.754s] INFO:colcon.colcon_core.shell:Creating package script '/home/p/ws_demo2/install/ur_description/share/ur_description/package.sh'
[0.754s] INFO:colcon.colcon_core.shell:Creating package script '/home/p/ws_demo2/install/ur_description/share/ur_description/package.bash'
[0.755s] INFO:colcon.colcon_core.shell:Creating package script '/home/p/ws_demo2/install/ur_description/share/ur_description/package.zsh'
[0.756s] Level 1:colcon.colcon_core.environment:create_file_with_runtime_dependencies(/home/p/ws_demo2/install/ur_description/share/colcon-core/packages/ur_description)
[0.758s] DEBUG:colcon.colcon_core.event_handler.log_command:Invoked command in '/home/p/ws_demo2/build/camera_image' returned '0': CMAKE_PREFIX_PATH=${CMAKE_PREFIX_PATH}:/home/p/ws_moveit2/install/moveit_configs_utils:/home/p/ws_moveit2/install/launch_param_builder:/home/p/demo_ws2/install/ur20_joint_control:/home/p/demo_ws2/install/arm_joint_control:/opt/ros/humble /usr/local/bin/cmake --build /home/p/ws_demo2/build/camera_image -- -j16 -l16
[0.760s] DEBUG:colcon.colcon_core.event_handler.log_command:Invoking command in '/home/p/ws_demo2/build/camera_image': CMAKE_PREFIX_PATH=${CMAKE_PREFIX_PATH}:/home/p/ws_moveit2/install/moveit_configs_utils:/home/p/ws_moveit2/install/launch_param_builder:/home/p/demo_ws2/install/ur20_joint_control:/home/p/demo_ws2/install/arm_joint_control:/opt/ros/humble /usr/local/bin/cmake --install /home/p/ws_demo2/build/camera_image
[0.767s] Level 1:colcon.colcon_core.environment:create_environment_scripts_only(camera_image)
[0.767s] Level 1:colcon.colcon_core.environment:checking '/home/p/ws_demo2/install/camera_image' for CMake module files
[0.769s] DEBUG:colcon.colcon_core.event_handler.log_command:Invoked command in '/home/p/ws_demo2/build/camera_image' returned '0': CMAKE_PREFIX_PATH=${CMAKE_PREFIX_PATH}:/home/p/ws_moveit2/install/moveit_configs_utils:/home/p/ws_moveit2/install/launch_param_builder:/home/p/demo_ws2/install/ur20_joint_control:/home/p/demo_ws2/install/arm_joint_control:/opt/ros/humble /usr/local/bin/cmake --install /home/p/ws_demo2/build/camera_image
[0.769s] Level 1:colcon.colcon_core.environment:checking '/home/p/ws_demo2/install/camera_image' for CMake config files
[0.770s] Level 1:colcon.colcon_core.shell:create_environment_hook('camera_image', 'cmake_prefix_path')
[0.770s] INFO:colcon.colcon_core.shell:Creating environment hook '/home/p/ws_demo2/install/camera_image/share/camera_image/hook/cmake_prefix_path.ps1'
[0.771s] INFO:colcon.colcon_core.shell:Creating environment descriptor '/home/p/ws_demo2/install/camera_image/share/camera_image/hook/cmake_prefix_path.dsv'
[0.772s] INFO:colcon.colcon_core.shell:Creating environment hook '/home/p/ws_demo2/install/camera_image/share/camera_image/hook/cmake_prefix_path.sh'
[0.773s] Level 1:colcon.colcon_core.environment:checking '/home/p/ws_demo2/install/camera_image/lib'
[0.774s] Level 1:colcon.colcon_core.environment:checking '/home/p/ws_demo2/install/camera_image/bin'
[0.774s] Level 1:colcon.colcon_core.environment:checking '/home/p/ws_demo2/install/camera_image/lib/pkgconfig/camera_image.pc'
[0.774s] Level 1:colcon.colcon_core.environment:checking '/home/p/ws_demo2/install/camera_image/lib/python3.10/site-packages'
[0.775s] Level 1:colcon.colcon_core.environment:checking '/home/p/ws_demo2/install/camera_image/bin'
[0.775s] INFO:colcon.colcon_core.shell:Creating package script '/home/p/ws_demo2/install/camera_image/share/camera_image/package.ps1'
[0.776s] INFO:colcon.colcon_core.shell:Creating package descriptor '/home/p/ws_demo2/install/camera_image/share/camera_image/package.dsv'
[0.777s] INFO:colcon.colcon_core.shell:Creating package script '/home/p/ws_demo2/install/camera_image/share/camera_image/package.sh'
[0.778s] INFO:colcon.colcon_core.shell:Creating package script '/home/p/ws_demo2/install/camera_image/share/camera_image/package.bash'
[0.779s] INFO:colcon.colcon_core.shell:Creating package script '/home/p/ws_demo2/install/camera_image/share/camera_image/package.zsh'
[0.779s] Level 1:colcon.colcon_core.environment:create_file_with_runtime_dependencies(/home/p/ws_demo2/install/camera_image/share/colcon-core/packages/camera_image)
[0.780s] Level 1:colcon.colcon_core.environment:create_environment_scripts_only(camera_image)
[0.781s] Level 1:colcon.colcon_core.environment:checking '/home/p/ws_demo2/install/camera_image' for CMake module files
[0.782s] Level 1:colcon.colcon_core.environment:checking '/home/p/ws_demo2/install/camera_image' for CMake config files
[0.782s] Level 1:colcon.colcon_core.shell:create_environment_hook('camera_image', 'cmake_prefix_path')
[0.783s] INFO:colcon.colcon_core.shell:Creating environment hook '/home/p/ws_demo2/install/camera_image/share/camera_image/hook/cmake_prefix_path.ps1'
[0.783s] INFO:colcon.colcon_core.shell:Creating environment descriptor '/home/p/ws_demo2/install/camera_image/share/camera_image/hook/cmake_prefix_path.dsv'
[0.784s] INFO:colcon.colcon_core.shell:Creating environment hook '/home/p/ws_demo2/install/camera_image/share/camera_image/hook/cmake_prefix_path.sh'
[0.785s] Level 1:colcon.colcon_core.environment:checking '/home/p/ws_demo2/install/camera_image/lib'
[0.785s] Level 1:colcon.colcon_core.environment:checking '/home/p/ws_demo2/install/camera_image/bin'
[0.785s] Level 1:colcon.colcon_core.environment:checking '/home/p/ws_demo2/install/camera_image/lib/pkgconfig/camera_image.pc'
[0.786s] Level 1:colcon.colcon_core.environment:checking '/home/p/ws_demo2/install/camera_image/lib/python3.10/site-packages'
[0.786s] Level 1:colcon.colcon_core.environment:checking '/home/p/ws_demo2/install/camera_image/bin'
[0.787s] INFO:colcon.colcon_core.shell:Creating package script '/home/p/ws_demo2/install/camera_image/share/camera_image/package.ps1'
[0.788s] INFO:colcon.colcon_core.shell:Creating package descriptor '/home/p/ws_demo2/install/camera_image/share/camera_image/package.dsv'
[0.789s] INFO:colcon.colcon_core.shell:Creating package script '/home/p/ws_demo2/install/camera_image/share/camera_image/package.sh'
[0.790s] INFO:colcon.colcon_core.shell:Creating package script '/home/p/ws_demo2/install/camera_image/share/camera_image/package.bash'
[0.791s] INFO:colcon.colcon_core.shell:Creating package script '/home/p/ws_demo2/install/camera_image/share/camera_image/package.zsh'
[0.792s] Level 1:colcon.colcon_core.environment:create_file_with_runtime_dependencies(/home/p/ws_demo2/install/camera_image/share/colcon-core/packages/camera_image)
[1.157s] DEBUG:colcon.colcon_core.event_handler.log_command:Invoked command in '/home/p/ws_demo2/build/service_interfaces' returned '0': CMAKE_PREFIX_PATH=${CMAKE_PREFIX_PATH}:/home/p/ws_moveit2/install/moveit_configs_utils:/home/p/ws_moveit2/install/launch_param_builder:/home/p/demo_ws2/install/ur20_joint_control:/home/p/demo_ws2/install/arm_joint_control:/opt/ros/humble /usr/local/bin/cmake --build /home/p/ws_demo2/build/service_interfaces -- -j16 -l16
[1.160s] DEBUG:colcon.colcon_core.event_handler.log_command:Invoking command in '/home/p/ws_demo2/build/service_interfaces': CMAKE_PREFIX_PATH=${CMAKE_PREFIX_PATH}:/home/p/ws_moveit2/install/moveit_configs_utils:/home/p/ws_moveit2/install/launch_param_builder:/home/p/demo_ws2/install/ur20_joint_control:/home/p/demo_ws2/install/arm_joint_control:/opt/ros/humble /usr/local/bin/cmake --install /home/p/ws_demo2/build/service_interfaces
[1.234s] Level 1:colcon.colcon_core.environment:create_environment_scripts_only(service_interfaces)
[1.234s] Level 1:colcon.colcon_core.environment:checking '/home/p/ws_demo2/install/service_interfaces' for CMake module files
[1.236s] DEBUG:colcon.colcon_core.event_handler.log_command:Invoked command in '/home/p/ws_demo2/build/service_interfaces' returned '0': CMAKE_PREFIX_PATH=${CMAKE_PREFIX_PATH}:/home/p/ws_moveit2/install/moveit_configs_utils:/home/p/ws_moveit2/install/launch_param_builder:/home/p/demo_ws2/install/ur20_joint_control:/home/p/demo_ws2/install/arm_joint_control:/opt/ros/humble /usr/local/bin/cmake --install /home/p/ws_demo2/build/service_interfaces
[1.236s] Level 1:colcon.colcon_core.environment:checking '/home/p/ws_demo2/install/service_interfaces' for CMake config files
[1.237s] Level 1:colcon.colcon_core.shell:create_environment_hook('service_interfaces', 'cmake_prefix_path')
[1.237s] INFO:colcon.colcon_core.shell:Creating environment hook '/home/p/ws_demo2/install/service_interfaces/share/service_interfaces/hook/cmake_prefix_path.ps1'
[1.238s] INFO:colcon.colcon_core.shell:Creating environment descriptor '/home/p/ws_demo2/install/service_interfaces/share/service_interfaces/hook/cmake_prefix_path.dsv'
[1.238s] INFO:colcon.colcon_core.shell:Creating environment hook '/home/p/ws_demo2/install/service_interfaces/share/service_interfaces/hook/cmake_prefix_path.sh'
[1.239s] Level 1:colcon.colcon_core.environment:checking '/home/p/ws_demo2/install/service_interfaces/lib'
[1.239s] Level 1:colcon.colcon_core.shell:create_environment_hook('service_interfaces', 'ld_library_path_lib')
[1.240s] INFO:colcon.colcon_core.shell:Creating environment hook '/home/p/ws_demo2/install/service_interfaces/share/service_interfaces/hook/ld_library_path_lib.ps1'
[1.240s] INFO:colcon.colcon_core.shell:Creating environment descriptor '/home/p/ws_demo2/install/service_interfaces/share/service_interfaces/hook/ld_library_path_lib.dsv'
[1.241s] INFO:colcon.colcon_core.shell:Creating environment hook '/home/p/ws_demo2/install/service_interfaces/share/service_interfaces/hook/ld_library_path_lib.sh'
[1.241s] Level 1:colcon.colcon_core.environment:checking '/home/p/ws_demo2/install/service_interfaces/bin'
[1.241s] Level 1:colcon.colcon_core.environment:checking '/home/p/ws_demo2/install/service_interfaces/lib/pkgconfig/service_interfaces.pc'
[1.242s] Level 1:colcon.colcon_core.environment:checking '/home/p/ws_demo2/install/service_interfaces/lib/python3.10/site-packages'
[1.242s] Level 1:colcon.colcon_core.environment:checking '/home/p/ws_demo2/install/service_interfaces/bin'
[1.242s] INFO:colcon.colcon_core.shell:Creating package script '/home/p/ws_demo2/install/service_interfaces/share/service_interfaces/package.ps1'
[1.243s] INFO:colcon.colcon_core.shell:Creating package descriptor '/home/p/ws_demo2/install/service_interfaces/share/service_interfaces/package.dsv'
[1.244s] INFO:colcon.colcon_core.shell:Creating package script '/home/p/ws_demo2/install/service_interfaces/share/service_interfaces/package.sh'
[1.244s] INFO:colcon.colcon_core.shell:Creating package script '/home/p/ws_demo2/install/service_interfaces/share/service_interfaces/package.bash'
[1.245s] INFO:colcon.colcon_core.shell:Creating package script '/home/p/ws_demo2/install/service_interfaces/share/service_interfaces/package.zsh'
[1.245s] Level 1:colcon.colcon_core.environment:create_file_with_runtime_dependencies(/home/p/ws_demo2/install/service_interfaces/share/colcon-core/packages/service_interfaces)
[1.246s] Level 1:colcon.colcon_core.environment:create_environment_scripts_only(service_interfaces)
[1.246s] Level 1:colcon.colcon_core.environment:checking '/home/p/ws_demo2/install/service_interfaces' for CMake module files
[1.247s] Level 1:colcon.colcon_core.environment:checking '/home/p/ws_demo2/install/service_interfaces' for CMake config files
[1.248s] Level 1:colcon.colcon_core.shell:create_environment_hook('service_interfaces', 'cmake_prefix_path')
[1.248s] INFO:colcon.colcon_core.shell:Creating environment hook '/home/p/ws_demo2/install/service_interfaces/share/service_interfaces/hook/cmake_prefix_path.ps1'
[1.248s] INFO:colcon.colcon_core.shell:Creating environment descriptor '/home/p/ws_demo2/install/service_interfaces/share/service_interfaces/hook/cmake_prefix_path.dsv'
[1.249s] INFO:colcon.colcon_core.shell:Creating environment hook '/home/p/ws_demo2/install/service_interfaces/share/service_interfaces/hook/cmake_prefix_path.sh'
[1.250s] Level 1:colcon.colcon_core.environment:checking '/home/p/ws_demo2/install/service_interfaces/lib'
[1.250s] Level 1:colcon.colcon_core.shell:create_environment_hook('service_interfaces', 'ld_library_path_lib')
[1.250s] INFO:colcon.colcon_core.shell:Creating environment hook '/home/p/ws_demo2/install/service_interfaces/share/service_interfaces/hook/ld_library_path_lib.ps1'
[1.250s] INFO:colcon.colcon_core.shell:Creating environment descriptor '/home/p/ws_demo2/install/service_interfaces/share/service_interfaces/hook/ld_library_path_lib.dsv'
[1.251s] INFO:colcon.colcon_core.shell:Creating environment hook '/home/p/ws_demo2/install/service_interfaces/share/service_interfaces/hook/ld_library_path_lib.sh'
[1.251s] Level 1:colcon.colcon_core.environment:checking '/home/p/ws_demo2/install/service_interfaces/bin'
[1.252s] Level 1:colcon.colcon_core.environment:checking '/home/p/ws_demo2/install/service_interfaces/lib/pkgconfig/service_interfaces.pc'
[1.252s] Level 1:colcon.colcon_core.environment:checking '/home/p/ws_demo2/install/service_interfaces/lib/python3.10/site-packages'
[1.252s] Level 1:colcon.colcon_core.environment:checking '/home/p/ws_demo2/install/service_interfaces/bin'
[1.253s] INFO:colcon.colcon_core.shell:Creating package script '/home/p/ws_demo2/install/service_interfaces/share/service_interfaces/package.ps1'
[1.253s] INFO:colcon.colcon_core.shell:Creating package descriptor '/home/p/ws_demo2/install/service_interfaces/share/service_interfaces/package.dsv'
[1.254s] INFO:colcon.colcon_core.shell:Creating package script '/home/p/ws_demo2/install/service_interfaces/share/service_interfaces/package.sh'
[1.255s] INFO:colcon.colcon_core.shell:Creating package script '/home/p/ws_demo2/install/service_interfaces/share/service_interfaces/package.bash'
[1.255s] INFO:colcon.colcon_core.shell:Creating package script '/home/p/ws_demo2/install/service_interfaces/share/service_interfaces/package.zsh'
[1.256s] Level 1:colcon.colcon_core.environment:create_file_with_runtime_dependencies(/home/p/ws_demo2/install/service_interfaces/share/colcon-core/packages/service_interfaces)
[1.256s] INFO:colcon.colcon_ros.task.ament_cmake.build:Building ROS package in '/home/p/ws_demo2/src/ibvs' with build type 'ament_cmake'
[1.256s] INFO:colcon.colcon_cmake.task.cmake.build:Building CMake package in '/home/p/ws_demo2/src/ibvs'
[1.257s] INFO:colcon.colcon_core.shell:Skip shell extension 'powershell' for command environment: Not usable outside of PowerShell
[1.257s] DEBUG:colcon.colcon_core.shell:Skip shell extension 'dsv' for command environment
[1.268s] INFO:colcon.colcon_ros.task.ament_cmake.build:Building ROS package in '/home/p/ws_demo2/src/ik' with build type 'ament_cmake'
[1.268s] INFO:colcon.colcon_cmake.task.cmake.build:Building CMake package in '/home/p/ws_demo2/src/ik'
[1.269s] INFO:colcon.colcon_core.shell:Skip shell extension 'powershell' for command environment: Not usable outside of PowerShell
[1.269s] DEBUG:colcon.colcon_core.shell:Skip shell extension 'dsv' for command environment
[1.285s] DEBUG:colcon.colcon_core.event_handler.log_command:Invoking command in '/home/p/ws_demo2/build/ibvs': CMAKE_PREFIX_PATH=/home/p/ws_demo2/install/service_interfaces:/home/p/ws_moveit2/install/pilz_industrial_motion_planner_testutils:/home/p/ws_moveit2/install/moveit_runtime:/home/p/ws_moveit2/install/moveit2_tutorials:/home/p/ws_moveit2/install/moveit:/home/p/ws_moveit2/install/moveit_planners:/home/p/ws_moveit2/install/pilz_industrial_motion_planner:/home/p/ws_moveit2/install/moveit_visual_tools:/home/p/ws_moveit2/install/moveit_task_constructor_visualization:/home/p/ws_moveit2/install/moveit_task_constructor_demo:/home/p/ws_moveit2/install/moveit_task_constructor_capabilities:/home/p/ws_moveit2/install/moveit_task_constructor_core:/home/p/ws_moveit2/install/moveit_ros_control_interface:/home/p/ws_moveit2/install/moveit_plugins:/home/p/ws_moveit2/install/moveit_simple_controller_manager:/home/p/ws_moveit2/install/moveit_setup_assistant:/home/p/ws_moveit2/install/moveit_setup_srdf_plugins:/home/p/ws_moveit2/install/moveit_setup_core_plugins:/home/p/ws_moveit2/install/moveit_setup_controllers:/home/p/ws_moveit2/install/moveit_setup_app_plugins:/home/p/ws_moveit2/install/moveit_setup_framework:/home/p/ws_moveit2/install/moveit_servo:/home/p/ws_moveit2/install/moveit_ros:/home/p/ws_moveit2/install/moveit_ros_visualization:/home/p/ws_moveit2/install/moveit_hybrid_planning:/home/p/ws_moveit2/install/moveit_ros_planning_interface:/home/p/ws_moveit2/install/moveit_ros_benchmarks:/home/p/ws_moveit2/install/moveit_ros_warehouse:/home/p/ws_moveit2/install/moveit_ros_robot_interaction:/home/p/ws_moveit2/install/moveit_ros_perception:/home/p/ws_moveit2/install/moveit_resources_prbt_pg70_support:/home/p/ws_moveit2/install/moveit_resources_prbt_moveit_config:/home/p/ws_moveit2/install/moveit_ros_move_group:/home/p/ws_moveit2/install/moveit_planners_ompl:/home/p/ws_moveit2/install/moveit_ros_planning:/home/p/ws_moveit2/install/moveit_ros_occupancy_map_monitor:/home/p/ws_moveit2/install/moveit_resources_prbt_ikfast_manipulator_plugin:/home/p/ws_moveit2/install/moveit_planners_chomp:/home/p/ws_moveit2/install/moveit_kinematics:/home/p/ws_moveit2/install/moveit_chomp_optimizer_adapter:/home/p/ws_moveit2/install/chomp_motion_planner:/home/p/ws_moveit2/install/moveit_core:/home/p/ws_moveit2/install/srdfdom:/home/p/ws_moveit2/install/rviz_marker_tools:/home/p/ws_moveit2/install/rosparam_shortcuts:/home/p/ws_moveit2/install/moveit_task_constructor_msgs:/home/p/ws_moveit2/install/moveit_resources_prbt_support:/home/p/ws_moveit2/install/moveit_resources:/home/p/ws_moveit2/install/moveit_resources_pr2_description:/home/p/ws_moveit2/install/moveit_resources_panda_moveit_config:/home/p/ws_moveit2/install/moveit_resources_panda_description:/home/p/ws_moveit2/install/moveit_resources_fanuc_moveit_config:/home/p/ws_moveit2/install/moveit_resources_fanuc_description:/home/p/ws_moveit2/install/moveit_common:/home/p/ws_demo1/install/ibvs_test:/home/p/demo_ws2/install/ur20_moveit_config:/home/p/demo_ws2/install/ur20_description:/home/p/demo_ws2/install/robotiq_description:/home/p/ws_demo2/install/ur_description:/home/p/ws_demo2/install/ik:/home/p/ws_demo2/install/ibvs:/home/p/ws_demo2/install/camera_image:/home/p/ws_moveit2/install/moveit_configs_utils:/home/p/ws_moveit2/install/launch_param_builder:/home/p/demo_ws2/install/ur20_joint_control:/home/p/demo_ws2/install/arm_joint_control:/opt/ros/humble LD_LIBRARY_PATH=/home/p/ws_demo2/install/service_interfaces/lib:/home/p/TensorRT_ws/TensorRT-8.6.1.6/lib:/usr/local/cuda-11.8/lib64:/home/p/ws_moveit2/install/pilz_industrial_motion_planner_testutils/lib:/home/p/ws_moveit2/install/pilz_industrial_motion_planner/lib:/home/p/ws_moveit2/install/moveit_visual_tools/lib:/home/p/ws_moveit2/install/moveit_task_constructor_visualization/lib:/home/p/ws_moveit2/install/moveit_task_constructor_demo/lib:/home/p/ws_moveit2/install/moveit_task_constructor_capabilities/lib:/home/p/ws_moveit2/install/moveit_task_constructor_core/lib:/home/p/ws_moveit2/install/moveit_ros_control_interface/lib:/home/p/ws_moveit2/install/moveit_simple_controller_manager/lib:/home/p/ws_moveit2/install/moveit_setup_assistant/lib:/home/p/ws_moveit2/install/moveit_setup_srdf_plugins/lib:/home/p/ws_moveit2/install/moveit_setup_core_plugins/lib:/home/p/ws_moveit2/install/moveit_setup_controllers/lib:/home/p/ws_moveit2/install/moveit_setup_app_plugins/lib:/home/p/ws_moveit2/install/moveit_setup_framework/lib:/home/p/ws_moveit2/install/moveit_servo/lib:/home/p/ws_moveit2/install/moveit_ros_visualization/lib:/home/p/ws_moveit2/install/moveit_hybrid_planning/lib:/home/p/ws_moveit2/install/moveit_ros_planning_interface/lib:/home/p/ws_moveit2/install/moveit_ros_benchmarks/lib:/home/p/ws_moveit2/install/moveit_ros_warehouse/lib:/home/p/ws_moveit2/install/moveit_ros_robot_interaction/lib:/home/p/ws_moveit2/install/moveit_ros_perception/lib:/home/p/ws_moveit2/install/moveit_ros_move_group/lib:/home/p/ws_moveit2/install/moveit_planners_ompl/lib:/home/p/ws_moveit2/install/moveit_ros_planning/lib:/home/p/ws_moveit2/install/moveit_ros_occupancy_map_monitor/lib:/home/p/ws_moveit2/install/moveit_resources_prbt_ikfast_manipulator_plugin/lib:/home/p/ws_moveit2/install/moveit_planners_chomp/lib:/home/p/ws_moveit2/install/moveit_kinematics/lib:/home/p/ws_moveit2/install/moveit_chomp_optimizer_adapter/lib:/home/p/ws_moveit2/install/chomp_motion_planner/lib:/home/p/ws_moveit2/install/moveit_core/lib:/home/p/ws_moveit2/install/srdfdom/lib:/home/p/ws_moveit2/install/rviz_marker_tools/lib:/home/p/ws_moveit2/install/rosparam_shortcuts/lib:/home/p/ws_moveit2/install/moveit_task_constructor_msgs/lib:/usr/lib/x86_64-linux-gnu/gazebo-11/plugins:/opt/ros/humble/opt/rviz_ogre_vendor/lib:/opt/ros/humble/lib/x86_64-linux-gnu:/opt/ros/humble/lib:/usr/share/gazebo/../../lib/x86_64-linux-gnu/gazebo-11/plugins /usr/local/bin/cmake --build /home/p/ws_demo2/build/ibvs -- -j16 -l16
[1.293s] DEBUG:colcon.colcon_core.event_handler.log_command:Invoking command in '/home/p/ws_demo2/build/ik': CMAKE_PREFIX_PATH=/home/p/ws_demo2/install/service_interfaces:/home/p/ws_moveit2/install/pilz_industrial_motion_planner_testutils:/home/p/ws_moveit2/install/moveit_runtime:/home/p/ws_moveit2/install/moveit2_tutorials:/home/p/ws_moveit2/install/moveit:/home/p/ws_moveit2/install/moveit_planners:/home/p/ws_moveit2/install/pilz_industrial_motion_planner:/home/p/ws_moveit2/install/moveit_visual_tools:/home/p/ws_moveit2/install/moveit_task_constructor_visualization:/home/p/ws_moveit2/install/moveit_task_constructor_demo:/home/p/ws_moveit2/install/moveit_task_constructor_capabilities:/home/p/ws_moveit2/install/moveit_task_constructor_core:/home/p/ws_moveit2/install/moveit_ros_control_interface:/home/p/ws_moveit2/install/moveit_plugins:/home/p/ws_moveit2/install/moveit_simple_controller_manager:/home/p/ws_moveit2/install/moveit_setup_assistant:/home/p/ws_moveit2/install/moveit_setup_srdf_plugins:/home/p/ws_moveit2/install/moveit_setup_core_plugins:/home/p/ws_moveit2/install/moveit_setup_controllers:/home/p/ws_moveit2/install/moveit_setup_app_plugins:/home/p/ws_moveit2/install/moveit_setup_framework:/home/p/ws_moveit2/install/moveit_servo:/home/p/ws_moveit2/install/moveit_ros:/home/p/ws_moveit2/install/moveit_ros_visualization:/home/p/ws_moveit2/install/moveit_hybrid_planning:/home/p/ws_moveit2/install/moveit_ros_planning_interface:/home/p/ws_moveit2/install/moveit_ros_benchmarks:/home/p/ws_moveit2/install/moveit_ros_warehouse:/home/p/ws_moveit2/install/moveit_ros_robot_interaction:/home/p/ws_moveit2/install/moveit_ros_perception:/home/p/ws_moveit2/install/moveit_resources_prbt_pg70_support:/home/p/ws_moveit2/install/moveit_resources_prbt_moveit_config:/home/p/ws_moveit2/install/moveit_ros_move_group:/home/p/ws_moveit2/install/moveit_planners_ompl:/home/p/ws_moveit2/install/moveit_ros_planning:/home/p/ws_moveit2/install/moveit_ros_occupancy_map_monitor:/home/p/ws_moveit2/install/moveit_resources_prbt_ikfast_manipulator_plugin:/home/p/ws_moveit2/install/moveit_planners_chomp:/home/p/ws_moveit2/install/moveit_kinematics:/home/p/ws_moveit2/install/moveit_chomp_optimizer_adapter:/home/p/ws_moveit2/install/chomp_motion_planner:/home/p/ws_moveit2/install/moveit_core:/home/p/ws_moveit2/install/srdfdom:/home/p/ws_moveit2/install/rviz_marker_tools:/home/p/ws_moveit2/install/rosparam_shortcuts:/home/p/ws_moveit2/install/moveit_task_constructor_msgs:/home/p/ws_moveit2/install/moveit_resources_prbt_support:/home/p/ws_moveit2/install/moveit_resources:/home/p/ws_moveit2/install/moveit_resources_pr2_description:/home/p/ws_moveit2/install/moveit_resources_panda_moveit_config:/home/p/ws_moveit2/install/moveit_resources_panda_description:/home/p/ws_moveit2/install/moveit_resources_fanuc_moveit_config:/home/p/ws_moveit2/install/moveit_resources_fanuc_description:/home/p/ws_moveit2/install/moveit_common:/home/p/ws_demo1/install/ibvs_test:/home/p/demo_ws2/install/ur20_moveit_config:/home/p/demo_ws2/install/ur20_description:/home/p/demo_ws2/install/robotiq_description:/home/p/ws_demo2/install/ur_description:/home/p/ws_demo2/install/ik:/home/p/ws_demo2/install/ibvs:/home/p/ws_demo2/install/camera_image:/home/p/ws_moveit2/install/moveit_configs_utils:/home/p/ws_moveit2/install/launch_param_builder:/home/p/demo_ws2/install/ur20_joint_control:/home/p/demo_ws2/install/arm_joint_control:/opt/ros/humble LD_LIBRARY_PATH=/home/p/ws_demo2/install/service_interfaces/lib:/home/p/TensorRT_ws/TensorRT-8.6.1.6/lib:/usr/local/cuda-11.8/lib64:/home/p/ws_moveit2/install/pilz_industrial_motion_planner_testutils/lib:/home/p/ws_moveit2/install/pilz_industrial_motion_planner/lib:/home/p/ws_moveit2/install/moveit_visual_tools/lib:/home/p/ws_moveit2/install/moveit_task_constructor_visualization/lib:/home/p/ws_moveit2/install/moveit_task_constructor_demo/lib:/home/p/ws_moveit2/install/moveit_task_constructor_capabilities/lib:/home/p/ws_moveit2/install/moveit_task_constructor_core/lib:/home/p/ws_moveit2/install/moveit_ros_control_interface/lib:/home/p/ws_moveit2/install/moveit_simple_controller_manager/lib:/home/p/ws_moveit2/install/moveit_setup_assistant/lib:/home/p/ws_moveit2/install/moveit_setup_srdf_plugins/lib:/home/p/ws_moveit2/install/moveit_setup_core_plugins/lib:/home/p/ws_moveit2/install/moveit_setup_controllers/lib:/home/p/ws_moveit2/install/moveit_setup_app_plugins/lib:/home/p/ws_moveit2/install/moveit_setup_framework/lib:/home/p/ws_moveit2/install/moveit_servo/lib:/home/p/ws_moveit2/install/moveit_ros_visualization/lib:/home/p/ws_moveit2/install/moveit_hybrid_planning/lib:/home/p/ws_moveit2/install/moveit_ros_planning_interface/lib:/home/p/ws_moveit2/install/moveit_ros_benchmarks/lib:/home/p/ws_moveit2/install/moveit_ros_warehouse/lib:/home/p/ws_moveit2/install/moveit_ros_robot_interaction/lib:/home/p/ws_moveit2/install/moveit_ros_perception/lib:/home/p/ws_moveit2/install/moveit_ros_move_group/lib:/home/p/ws_moveit2/install/moveit_planners_ompl/lib:/home/p/ws_moveit2/install/moveit_ros_planning/lib:/home/p/ws_moveit2/install/moveit_ros_occupancy_map_monitor/lib:/home/p/ws_moveit2/install/moveit_resources_prbt_ikfast_manipulator_plugin/lib:/home/p/ws_moveit2/install/moveit_planners_chomp/lib:/home/p/ws_moveit2/install/moveit_kinematics/lib:/home/p/ws_moveit2/install/moveit_chomp_optimizer_adapter/lib:/home/p/ws_moveit2/install/chomp_motion_planner/lib:/home/p/ws_moveit2/install/moveit_core/lib:/home/p/ws_moveit2/install/srdfdom/lib:/home/p/ws_moveit2/install/rviz_marker_tools/lib:/home/p/ws_moveit2/install/rosparam_shortcuts/lib:/home/p/ws_moveit2/install/moveit_task_constructor_msgs/lib:/usr/lib/x86_64-linux-gnu/gazebo-11/plugins:/opt/ros/humble/opt/rviz_ogre_vendor/lib:/opt/ros/humble/lib/x86_64-linux-gnu:/opt/ros/humble/lib:/usr/share/gazebo/../../lib/x86_64-linux-gnu/gazebo-11/plugins /usr/local/bin/cmake --build /home/p/ws_demo2/build/ik -- -j16 -l16
[1.341s] DEBUG:colcon.colcon_core.event_handler.log_command:Invoked command in '/home/p/ws_demo2/build/ibvs' returned '0': CMAKE_PREFIX_PATH=/home/p/ws_demo2/install/service_interfaces:/home/p/ws_moveit2/install/pilz_industrial_motion_planner_testutils:/home/p/ws_moveit2/install/moveit_runtime:/home/p/ws_moveit2/install/moveit2_tutorials:/home/p/ws_moveit2/install/moveit:/home/p/ws_moveit2/install/moveit_planners:/home/p/ws_moveit2/install/pilz_industrial_motion_planner:/home/p/ws_moveit2/install/moveit_visual_tools:/home/p/ws_moveit2/install/moveit_task_constructor_visualization:/home/p/ws_moveit2/install/moveit_task_constructor_demo:/home/p/ws_moveit2/install/moveit_task_constructor_capabilities:/home/p/ws_moveit2/install/moveit_task_constructor_core:/home/p/ws_moveit2/install/moveit_ros_control_interface:/home/p/ws_moveit2/install/moveit_plugins:/home/p/ws_moveit2/install/moveit_simple_controller_manager:/home/p/ws_moveit2/install/moveit_setup_assistant:/home/p/ws_moveit2/install/moveit_setup_srdf_plugins:/home/p/ws_moveit2/install/moveit_setup_core_plugins:/home/p/ws_moveit2/install/moveit_setup_controllers:/home/p/ws_moveit2/install/moveit_setup_app_plugins:/home/p/ws_moveit2/install/moveit_setup_framework:/home/p/ws_moveit2/install/moveit_servo:/home/p/ws_moveit2/install/moveit_ros:/home/p/ws_moveit2/install/moveit_ros_visualization:/home/p/ws_moveit2/install/moveit_hybrid_planning:/home/p/ws_moveit2/install/moveit_ros_planning_interface:/home/p/ws_moveit2/install/moveit_ros_benchmarks:/home/p/ws_moveit2/install/moveit_ros_warehouse:/home/p/ws_moveit2/install/moveit_ros_robot_interaction:/home/p/ws_moveit2/install/moveit_ros_perception:/home/p/ws_moveit2/install/moveit_resources_prbt_pg70_support:/home/p/ws_moveit2/install/moveit_resources_prbt_moveit_config:/home/p/ws_moveit2/install/moveit_ros_move_group:/home/p/ws_moveit2/install/moveit_planners_ompl:/home/p/ws_moveit2/install/moveit_ros_planning:/home/p/ws_moveit2/install/moveit_ros_occupancy_map_monitor:/home/p/ws_moveit2/install/moveit_resources_prbt_ikfast_manipulator_plugin:/home/p/ws_moveit2/install/moveit_planners_chomp:/home/p/ws_moveit2/install/moveit_kinematics:/home/p/ws_moveit2/install/moveit_chomp_optimizer_adapter:/home/p/ws_moveit2/install/chomp_motion_planner:/home/p/ws_moveit2/install/moveit_core:/home/p/ws_moveit2/install/srdfdom:/home/p/ws_moveit2/install/rviz_marker_tools:/home/p/ws_moveit2/install/rosparam_shortcuts:/home/p/ws_moveit2/install/moveit_task_constructor_msgs:/home/p/ws_moveit2/install/moveit_resources_prbt_support:/home/p/ws_moveit2/install/moveit_resources:/home/p/ws_moveit2/install/moveit_resources_pr2_description:/home/p/ws_moveit2/install/moveit_resources_panda_moveit_config:/home/p/ws_moveit2/install/moveit_resources_panda_description:/home/p/ws_moveit2/install/moveit_resources_fanuc_moveit_config:/home/p/ws_moveit2/install/moveit_resources_fanuc_description:/home/p/ws_moveit2/install/moveit_common:/home/p/ws_demo1/install/ibvs_test:/home/p/demo_ws2/install/ur20_moveit_config:/home/p/demo_ws2/install/ur20_description:/home/p/demo_ws2/install/robotiq_description:/home/p/ws_demo2/install/ur_description:/home/p/ws_demo2/install/ik:/home/p/ws_demo2/install/ibvs:/home/p/ws_demo2/install/camera_image:/home/p/ws_moveit2/install/moveit_configs_utils:/home/p/ws_moveit2/install/launch_param_builder:/home/p/demo_ws2/install/ur20_joint_control:/home/p/demo_ws2/install/arm_joint_control:/opt/ros/humble LD_LIBRARY_PATH=/home/p/ws_demo2/install/service_interfaces/lib:/home/p/TensorRT_ws/TensorRT-8.6.1.6/lib:/usr/local/cuda-11.8/lib64:/home/p/ws_moveit2/install/pilz_industrial_motion_planner_testutils/lib:/home/p/ws_moveit2/install/pilz_industrial_motion_planner/lib:/home/p/ws_moveit2/install/moveit_visual_tools/lib:/home/p/ws_moveit2/install/moveit_task_constructor_visualization/lib:/home/p/ws_moveit2/install/moveit_task_constructor_demo/lib:/home/p/ws_moveit2/install/moveit_task_constructor_capabilities/lib:/home/p/ws_moveit2/install/moveit_task_constructor_core/lib:/home/p/ws_moveit2/install/moveit_ros_control_interface/lib:/home/p/ws_moveit2/install/moveit_simple_controller_manager/lib:/home/p/ws_moveit2/install/moveit_setup_assistant/lib:/home/p/ws_moveit2/install/moveit_setup_srdf_plugins/lib:/home/p/ws_moveit2/install/moveit_setup_core_plugins/lib:/home/p/ws_moveit2/install/moveit_setup_controllers/lib:/home/p/ws_moveit2/install/moveit_setup_app_plugins/lib:/home/p/ws_moveit2/install/moveit_setup_framework/lib:/home/p/ws_moveit2/install/moveit_servo/lib:/home/p/ws_moveit2/install/moveit_ros_visualization/lib:/home/p/ws_moveit2/install/moveit_hybrid_planning/lib:/home/p/ws_moveit2/install/moveit_ros_planning_interface/lib:/home/p/ws_moveit2/install/moveit_ros_benchmarks/lib:/home/p/ws_moveit2/install/moveit_ros_warehouse/lib:/home/p/ws_moveit2/install/moveit_ros_robot_interaction/lib:/home/p/ws_moveit2/install/moveit_ros_perception/lib:/home/p/ws_moveit2/install/moveit_ros_move_group/lib:/home/p/ws_moveit2/install/moveit_planners_ompl/lib:/home/p/ws_moveit2/install/moveit_ros_planning/lib:/home/p/ws_moveit2/install/moveit_ros_occupancy_map_monitor/lib:/home/p/ws_moveit2/install/moveit_resources_prbt_ikfast_manipulator_plugin/lib:/home/p/ws_moveit2/install/moveit_planners_chomp/lib:/home/p/ws_moveit2/install/moveit_kinematics/lib:/home/p/ws_moveit2/install/moveit_chomp_optimizer_adapter/lib:/home/p/ws_moveit2/install/chomp_motion_planner/lib:/home/p/ws_moveit2/install/moveit_core/lib:/home/p/ws_moveit2/install/srdfdom/lib:/home/p/ws_moveit2/install/rviz_marker_tools/lib:/home/p/ws_moveit2/install/rosparam_shortcuts/lib:/home/p/ws_moveit2/install/moveit_task_constructor_msgs/lib:/usr/lib/x86_64-linux-gnu/gazebo-11/plugins:/opt/ros/humble/opt/rviz_ogre_vendor/lib:/opt/ros/humble/lib/x86_64-linux-gnu:/opt/ros/humble/lib:/usr/share/gazebo/../../lib/x86_64-linux-gnu/gazebo-11/plugins /usr/local/bin/cmake --build /home/p/ws_demo2/build/ibvs -- -j16 -l16
[1.344s] DEBUG:colcon.colcon_core.event_handler.log_command:Invoking command in '/home/p/ws_demo2/build/ibvs': CMAKE_PREFIX_PATH=/home/p/ws_demo2/install/service_interfaces:/home/p/ws_moveit2/install/pilz_industrial_motion_planner_testutils:/home/p/ws_moveit2/install/moveit_runtime:/home/p/ws_moveit2/install/moveit2_tutorials:/home/p/ws_moveit2/install/moveit:/home/p/ws_moveit2/install/moveit_planners:/home/p/ws_moveit2/install/pilz_industrial_motion_planner:/home/p/ws_moveit2/install/moveit_visual_tools:/home/p/ws_moveit2/install/moveit_task_constructor_visualization:/home/p/ws_moveit2/install/moveit_task_constructor_demo:/home/p/ws_moveit2/install/moveit_task_constructor_capabilities:/home/p/ws_moveit2/install/moveit_task_constructor_core:/home/p/ws_moveit2/install/moveit_ros_control_interface:/home/p/ws_moveit2/install/moveit_plugins:/home/p/ws_moveit2/install/moveit_simple_controller_manager:/home/p/ws_moveit2/install/moveit_setup_assistant:/home/p/ws_moveit2/install/moveit_setup_srdf_plugins:/home/p/ws_moveit2/install/moveit_setup_core_plugins:/home/p/ws_moveit2/install/moveit_setup_controllers:/home/p/ws_moveit2/install/moveit_setup_app_plugins:/home/p/ws_moveit2/install/moveit_setup_framework:/home/p/ws_moveit2/install/moveit_servo:/home/p/ws_moveit2/install/moveit_ros:/home/p/ws_moveit2/install/moveit_ros_visualization:/home/p/ws_moveit2/install/moveit_hybrid_planning:/home/p/ws_moveit2/install/moveit_ros_planning_interface:/home/p/ws_moveit2/install/moveit_ros_benchmarks:/home/p/ws_moveit2/install/moveit_ros_warehouse:/home/p/ws_moveit2/install/moveit_ros_robot_interaction:/home/p/ws_moveit2/install/moveit_ros_perception:/home/p/ws_moveit2/install/moveit_resources_prbt_pg70_support:/home/p/ws_moveit2/install/moveit_resources_prbt_moveit_config:/home/p/ws_moveit2/install/moveit_ros_move_group:/home/p/ws_moveit2/install/moveit_planners_ompl:/home/p/ws_moveit2/install/moveit_ros_planning:/home/p/ws_moveit2/install/moveit_ros_occupancy_map_monitor:/home/p/ws_moveit2/install/moveit_resources_prbt_ikfast_manipulator_plugin:/home/p/ws_moveit2/install/moveit_planners_chomp:/home/p/ws_moveit2/install/moveit_kinematics:/home/p/ws_moveit2/install/moveit_chomp_optimizer_adapter:/home/p/ws_moveit2/install/chomp_motion_planner:/home/p/ws_moveit2/install/moveit_core:/home/p/ws_moveit2/install/srdfdom:/home/p/ws_moveit2/install/rviz_marker_tools:/home/p/ws_moveit2/install/rosparam_shortcuts:/home/p/ws_moveit2/install/moveit_task_constructor_msgs:/home/p/ws_moveit2/install/moveit_resources_prbt_support:/home/p/ws_moveit2/install/moveit_resources:/home/p/ws_moveit2/install/moveit_resources_pr2_description:/home/p/ws_moveit2/install/moveit_resources_panda_moveit_config:/home/p/ws_moveit2/install/moveit_resources_panda_description:/home/p/ws_moveit2/install/moveit_resources_fanuc_moveit_config:/home/p/ws_moveit2/install/moveit_resources_fanuc_description:/home/p/ws_moveit2/install/moveit_common:/home/p/ws_demo1/install/ibvs_test:/home/p/demo_ws2/install/ur20_moveit_config:/home/p/demo_ws2/install/ur20_description:/home/p/demo_ws2/install/robotiq_description:/home/p/ws_demo2/install/ur_description:/home/p/ws_demo2/install/ik:/home/p/ws_demo2/install/ibvs:/home/p/ws_demo2/install/camera_image:/home/p/ws_moveit2/install/moveit_configs_utils:/home/p/ws_moveit2/install/launch_param_builder:/home/p/demo_ws2/install/ur20_joint_control:/home/p/demo_ws2/install/arm_joint_control:/opt/ros/humble LD_LIBRARY_PATH=/home/p/ws_demo2/install/service_interfaces/lib:/home/p/TensorRT_ws/TensorRT-8.6.1.6/lib:/usr/local/cuda-11.8/lib64:/home/p/ws_moveit2/install/pilz_industrial_motion_planner_testutils/lib:/home/p/ws_moveit2/install/pilz_industrial_motion_planner/lib:/home/p/ws_moveit2/install/moveit_visual_tools/lib:/home/p/ws_moveit2/install/moveit_task_constructor_visualization/lib:/home/p/ws_moveit2/install/moveit_task_constructor_demo/lib:/home/p/ws_moveit2/install/moveit_task_constructor_capabilities/lib:/home/p/ws_moveit2/install/moveit_task_constructor_core/lib:/home/p/ws_moveit2/install/moveit_ros_control_interface/lib:/home/p/ws_moveit2/install/moveit_simple_controller_manager/lib:/home/p/ws_moveit2/install/moveit_setup_assistant/lib:/home/p/ws_moveit2/install/moveit_setup_srdf_plugins/lib:/home/p/ws_moveit2/install/moveit_setup_core_plugins/lib:/home/p/ws_moveit2/install/moveit_setup_controllers/lib:/home/p/ws_moveit2/install/moveit_setup_app_plugins/lib:/home/p/ws_moveit2/install/moveit_setup_framework/lib:/home/p/ws_moveit2/install/moveit_servo/lib:/home/p/ws_moveit2/install/moveit_ros_visualization/lib:/home/p/ws_moveit2/install/moveit_hybrid_planning/lib:/home/p/ws_moveit2/install/moveit_ros_planning_interface/lib:/home/p/ws_moveit2/install/moveit_ros_benchmarks/lib:/home/p/ws_moveit2/install/moveit_ros_warehouse/lib:/home/p/ws_moveit2/install/moveit_ros_robot_interaction/lib:/home/p/ws_moveit2/install/moveit_ros_perception/lib:/home/p/ws_moveit2/install/moveit_ros_move_group/lib:/home/p/ws_moveit2/install/moveit_planners_ompl/lib:/home/p/ws_moveit2/install/moveit_ros_planning/lib:/home/p/ws_moveit2/install/moveit_ros_occupancy_map_monitor/lib:/home/p/ws_moveit2/install/moveit_resources_prbt_ikfast_manipulator_plugin/lib:/home/p/ws_moveit2/install/moveit_planners_chomp/lib:/home/p/ws_moveit2/install/moveit_kinematics/lib:/home/p/ws_moveit2/install/moveit_chomp_optimizer_adapter/lib:/home/p/ws_moveit2/install/chomp_motion_planner/lib:/home/p/ws_moveit2/install/moveit_core/lib:/home/p/ws_moveit2/install/srdfdom/lib:/home/p/ws_moveit2/install/rviz_marker_tools/lib:/home/p/ws_moveit2/install/rosparam_shortcuts/lib:/home/p/ws_moveit2/install/moveit_task_constructor_msgs/lib:/usr/lib/x86_64-linux-gnu/gazebo-11/plugins:/opt/ros/humble/opt/rviz_ogre_vendor/lib:/opt/ros/humble/lib/x86_64-linux-gnu:/opt/ros/humble/lib:/usr/share/gazebo/../../lib/x86_64-linux-gnu/gazebo-11/plugins /usr/local/bin/cmake --install /home/p/ws_demo2/build/ibvs
[1.349s] Level 1:colcon.colcon_core.environment:create_environment_scripts_only(ibvs)
[1.350s] Level 1:colcon.colcon_core.environment:checking '/home/p/ws_demo2/install/ibvs' for CMake module files
[1.351s] DEBUG:colcon.colcon_core.event_handler.log_command:Invoked command in '/home/p/ws_demo2/build/ibvs' returned '0': CMAKE_PREFIX_PATH=/home/p/ws_demo2/install/service_interfaces:/home/p/ws_moveit2/install/pilz_industrial_motion_planner_testutils:/home/p/ws_moveit2/install/moveit_runtime:/home/p/ws_moveit2/install/moveit2_tutorials:/home/p/ws_moveit2/install/moveit:/home/p/ws_moveit2/install/moveit_planners:/home/p/ws_moveit2/install/pilz_industrial_motion_planner:/home/p/ws_moveit2/install/moveit_visual_tools:/home/p/ws_moveit2/install/moveit_task_constructor_visualization:/home/p/ws_moveit2/install/moveit_task_constructor_demo:/home/p/ws_moveit2/install/moveit_task_constructor_capabilities:/home/p/ws_moveit2/install/moveit_task_constructor_core:/home/p/ws_moveit2/install/moveit_ros_control_interface:/home/p/ws_moveit2/install/moveit_plugins:/home/p/ws_moveit2/install/moveit_simple_controller_manager:/home/p/ws_moveit2/install/moveit_setup_assistant:/home/p/ws_moveit2/install/moveit_setup_srdf_plugins:/home/p/ws_moveit2/install/moveit_setup_core_plugins:/home/p/ws_moveit2/install/moveit_setup_controllers:/home/p/ws_moveit2/install/moveit_setup_app_plugins:/home/p/ws_moveit2/install/moveit_setup_framework:/home/p/ws_moveit2/install/moveit_servo:/home/p/ws_moveit2/install/moveit_ros:/home/p/ws_moveit2/install/moveit_ros_visualization:/home/p/ws_moveit2/install/moveit_hybrid_planning:/home/p/ws_moveit2/install/moveit_ros_planning_interface:/home/p/ws_moveit2/install/moveit_ros_benchmarks:/home/p/ws_moveit2/install/moveit_ros_warehouse:/home/p/ws_moveit2/install/moveit_ros_robot_interaction:/home/p/ws_moveit2/install/moveit_ros_perception:/home/p/ws_moveit2/install/moveit_resources_prbt_pg70_support:/home/p/ws_moveit2/install/moveit_resources_prbt_moveit_config:/home/p/ws_moveit2/install/moveit_ros_move_group:/home/p/ws_moveit2/install/moveit_planners_ompl:/home/p/ws_moveit2/install/moveit_ros_planning:/home/p/ws_moveit2/install/moveit_ros_occupancy_map_monitor:/home/p/ws_moveit2/install/moveit_resources_prbt_ikfast_manipulator_plugin:/home/p/ws_moveit2/install/moveit_planners_chomp:/home/p/ws_moveit2/install/moveit_kinematics:/home/p/ws_moveit2/install/moveit_chomp_optimizer_adapter:/home/p/ws_moveit2/install/chomp_motion_planner:/home/p/ws_moveit2/install/moveit_core:/home/p/ws_moveit2/install/srdfdom:/home/p/ws_moveit2/install/rviz_marker_tools:/home/p/ws_moveit2/install/rosparam_shortcuts:/home/p/ws_moveit2/install/moveit_task_constructor_msgs:/home/p/ws_moveit2/install/moveit_resources_prbt_support:/home/p/ws_moveit2/install/moveit_resources:/home/p/ws_moveit2/install/moveit_resources_pr2_description:/home/p/ws_moveit2/install/moveit_resources_panda_moveit_config:/home/p/ws_moveit2/install/moveit_resources_panda_description:/home/p/ws_moveit2/install/moveit_resources_fanuc_moveit_config:/home/p/ws_moveit2/install/moveit_resources_fanuc_description:/home/p/ws_moveit2/install/moveit_common:/home/p/ws_demo1/install/ibvs_test:/home/p/demo_ws2/install/ur20_moveit_config:/home/p/demo_ws2/install/ur20_description:/home/p/demo_ws2/install/robotiq_description:/home/p/ws_demo2/install/ur_description:/home/p/ws_demo2/install/ik:/home/p/ws_demo2/install/ibvs:/home/p/ws_demo2/install/camera_image:/home/p/ws_moveit2/install/moveit_configs_utils:/home/p/ws_moveit2/install/launch_param_builder:/home/p/demo_ws2/install/ur20_joint_control:/home/p/demo_ws2/install/arm_joint_control:/opt/ros/humble LD_LIBRARY_PATH=/home/p/ws_demo2/install/service_interfaces/lib:/home/p/TensorRT_ws/TensorRT-8.6.1.6/lib:/usr/local/cuda-11.8/lib64:/home/p/ws_moveit2/install/pilz_industrial_motion_planner_testutils/lib:/home/p/ws_moveit2/install/pilz_industrial_motion_planner/lib:/home/p/ws_moveit2/install/moveit_visual_tools/lib:/home/p/ws_moveit2/install/moveit_task_constructor_visualization/lib:/home/p/ws_moveit2/install/moveit_task_constructor_demo/lib:/home/p/ws_moveit2/install/moveit_task_constructor_capabilities/lib:/home/p/ws_moveit2/install/moveit_task_constructor_core/lib:/home/p/ws_moveit2/install/moveit_ros_control_interface/lib:/home/p/ws_moveit2/install/moveit_simple_controller_manager/lib:/home/p/ws_moveit2/install/moveit_setup_assistant/lib:/home/p/ws_moveit2/install/moveit_setup_srdf_plugins/lib:/home/p/ws_moveit2/install/moveit_setup_core_plugins/lib:/home/p/ws_moveit2/install/moveit_setup_controllers/lib:/home/p/ws_moveit2/install/moveit_setup_app_plugins/lib:/home/p/ws_moveit2/install/moveit_setup_framework/lib:/home/p/ws_moveit2/install/moveit_servo/lib:/home/p/ws_moveit2/install/moveit_ros_visualization/lib:/home/p/ws_moveit2/install/moveit_hybrid_planning/lib:/home/p/ws_moveit2/install/moveit_ros_planning_interface/lib:/home/p/ws_moveit2/install/moveit_ros_benchmarks/lib:/home/p/ws_moveit2/install/moveit_ros_warehouse/lib:/home/p/ws_moveit2/install/moveit_ros_robot_interaction/lib:/home/p/ws_moveit2/install/moveit_ros_perception/lib:/home/p/ws_moveit2/install/moveit_ros_move_group/lib:/home/p/ws_moveit2/install/moveit_planners_ompl/lib:/home/p/ws_moveit2/install/moveit_ros_planning/lib:/home/p/ws_moveit2/install/moveit_ros_occupancy_map_monitor/lib:/home/p/ws_moveit2/install/moveit_resources_prbt_ikfast_manipulator_plugin/lib:/home/p/ws_moveit2/install/moveit_planners_chomp/lib:/home/p/ws_moveit2/install/moveit_kinematics/lib:/home/p/ws_moveit2/install/moveit_chomp_optimizer_adapter/lib:/home/p/ws_moveit2/install/chomp_motion_planner/lib:/home/p/ws_moveit2/install/moveit_core/lib:/home/p/ws_moveit2/install/srdfdom/lib:/home/p/ws_moveit2/install/rviz_marker_tools/lib:/home/p/ws_moveit2/install/rosparam_shortcuts/lib:/home/p/ws_moveit2/install/moveit_task_constructor_msgs/lib:/usr/lib/x86_64-linux-gnu/gazebo-11/plugins:/opt/ros/humble/opt/rviz_ogre_vendor/lib:/opt/ros/humble/lib/x86_64-linux-gnu:/opt/ros/humble/lib:/usr/share/gazebo/../../lib/x86_64-linux-gnu/gazebo-11/plugins /usr/local/bin/cmake --install /home/p/ws_demo2/build/ibvs
[1.351s] Level 1:colcon.colcon_core.environment:checking '/home/p/ws_demo2/install/ibvs' for CMake config files
[1.352s] Level 1:colcon.colcon_core.shell:create_environment_hook('ibvs', 'cmake_prefix_path')
[1.352s] INFO:colcon.colcon_core.shell:Creating environment hook '/home/p/ws_demo2/install/ibvs/share/ibvs/hook/cmake_prefix_path.ps1'
[1.353s] INFO:colcon.colcon_core.shell:Creating environment descriptor '/home/p/ws_demo2/install/ibvs/share/ibvs/hook/cmake_prefix_path.dsv'
[1.354s] INFO:colcon.colcon_core.shell:Creating environment hook '/home/p/ws_demo2/install/ibvs/share/ibvs/hook/cmake_prefix_path.sh'
[1.355s] Level 1:colcon.colcon_core.environment:checking '/home/p/ws_demo2/install/ibvs/lib'
[1.355s] Level 1:colcon.colcon_core.environment:checking '/home/p/ws_demo2/install/ibvs/bin'
[1.355s] Level 1:colcon.colcon_core.environment:checking '/home/p/ws_demo2/install/ibvs/lib/pkgconfig/ibvs.pc'
[1.356s] Level 1:colcon.colcon_core.environment:checking '/home/p/ws_demo2/install/ibvs/lib/python3.10/site-packages'
[1.356s] Level 1:colcon.colcon_core.environment:checking '/home/p/ws_demo2/install/ibvs/bin'
[1.357s] INFO:colcon.colcon_core.shell:Creating package script '/home/p/ws_demo2/install/ibvs/share/ibvs/package.ps1'
[1.357s] INFO:colcon.colcon_core.shell:Creating package descriptor '/home/p/ws_demo2/install/ibvs/share/ibvs/package.dsv'
[1.358s] INFO:colcon.colcon_core.shell:Creating package script '/home/p/ws_demo2/install/ibvs/share/ibvs/package.sh'
[1.359s] INFO:colcon.colcon_core.shell:Creating package script '/home/p/ws_demo2/install/ibvs/share/ibvs/package.bash'
[1.359s] INFO:colcon.colcon_core.shell:Creating package script '/home/p/ws_demo2/install/ibvs/share/ibvs/package.zsh'
[1.360s] Level 1:colcon.colcon_core.environment:create_file_with_runtime_dependencies(/home/p/ws_demo2/install/ibvs/share/colcon-core/packages/ibvs)
[1.360s] Level 1:colcon.colcon_core.environment:create_environment_scripts_only(ibvs)
[1.361s] Level 1:colcon.colcon_core.environment:checking '/home/p/ws_demo2/install/ibvs' for CMake module files
[1.361s] Level 1:colcon.colcon_core.environment:checking '/home/p/ws_demo2/install/ibvs' for CMake config files
[1.362s] Level 1:colcon.colcon_core.shell:create_environment_hook('ibvs', 'cmake_prefix_path')
[1.362s] INFO:colcon.colcon_core.shell:Creating environment hook '/home/p/ws_demo2/install/ibvs/share/ibvs/hook/cmake_prefix_path.ps1'
[1.363s] INFO:colcon.colcon_core.shell:Creating environment descriptor '/home/p/ws_demo2/install/ibvs/share/ibvs/hook/cmake_prefix_path.dsv'
[1.363s] INFO:colcon.colcon_core.shell:Creating environment hook '/home/p/ws_demo2/install/ibvs/share/ibvs/hook/cmake_prefix_path.sh'
[1.364s] Level 1:colcon.colcon_core.environment:checking '/home/p/ws_demo2/install/ibvs/lib'
[1.364s] Level 1:colcon.colcon_core.environment:checking '/home/p/ws_demo2/install/ibvs/bin'
[1.364s] Level 1:colcon.colcon_core.environment:checking '/home/p/ws_demo2/install/ibvs/lib/pkgconfig/ibvs.pc'
[1.364s] Level 1:colcon.colcon_core.environment:checking '/home/p/ws_demo2/install/ibvs/lib/python3.10/site-packages'
[1.365s] Level 1:colcon.colcon_core.environment:checking '/home/p/ws_demo2/install/ibvs/bin'
[1.365s] INFO:colcon.colcon_core.shell:Creating package script '/home/p/ws_demo2/install/ibvs/share/ibvs/package.ps1'
[1.366s] INFO:colcon.colcon_core.shell:Creating package descriptor '/home/p/ws_demo2/install/ibvs/share/ibvs/package.dsv'
[1.367s] INFO:colcon.colcon_core.shell:Creating package script '/home/p/ws_demo2/install/ibvs/share/ibvs/package.sh'
[1.367s] INFO:colcon.colcon_core.shell:Creating package script '/home/p/ws_demo2/install/ibvs/share/ibvs/package.bash'
[1.368s] INFO:colcon.colcon_core.shell:Creating package script '/home/p/ws_demo2/install/ibvs/share/ibvs/package.zsh'
[1.368s] Level 1:colcon.colcon_core.environment:create_file_with_runtime_dependencies(/home/p/ws_demo2/install/ibvs/share/colcon-core/packages/ibvs)
[38.609s] DEBUG:colcon.colcon_core.event_handler.log_command:Invoked command in '/home/p/ws_demo2/build/ik' returned '0': CMAKE_PREFIX_PATH=/home/p/ws_demo2/install/service_interfaces:/home/p/ws_moveit2/install/pilz_industrial_motion_planner_testutils:/home/p/ws_moveit2/install/moveit_runtime:/home/p/ws_moveit2/install/moveit2_tutorials:/home/p/ws_moveit2/install/moveit:/home/p/ws_moveit2/install/moveit_planners:/home/p/ws_moveit2/install/pilz_industrial_motion_planner:/home/p/ws_moveit2/install/moveit_visual_tools:/home/p/ws_moveit2/install/moveit_task_constructor_visualization:/home/p/ws_moveit2/install/moveit_task_constructor_demo:/home/p/ws_moveit2/install/moveit_task_constructor_capabilities:/home/p/ws_moveit2/install/moveit_task_constructor_core:/home/p/ws_moveit2/install/moveit_ros_control_interface:/home/p/ws_moveit2/install/moveit_plugins:/home/p/ws_moveit2/install/moveit_simple_controller_manager:/home/p/ws_moveit2/install/moveit_setup_assistant:/home/p/ws_moveit2/install/moveit_setup_srdf_plugins:/home/p/ws_moveit2/install/moveit_setup_core_plugins:/home/p/ws_moveit2/install/moveit_setup_controllers:/home/p/ws_moveit2/install/moveit_setup_app_plugins:/home/p/ws_moveit2/install/moveit_setup_framework:/home/p/ws_moveit2/install/moveit_servo:/home/p/ws_moveit2/install/moveit_ros:/home/p/ws_moveit2/install/moveit_ros_visualization:/home/p/ws_moveit2/install/moveit_hybrid_planning:/home/p/ws_moveit2/install/moveit_ros_planning_interface:/home/p/ws_moveit2/install/moveit_ros_benchmarks:/home/p/ws_moveit2/install/moveit_ros_warehouse:/home/p/ws_moveit2/install/moveit_ros_robot_interaction:/home/p/ws_moveit2/install/moveit_ros_perception:/home/p/ws_moveit2/install/moveit_resources_prbt_pg70_support:/home/p/ws_moveit2/install/moveit_resources_prbt_moveit_config:/home/p/ws_moveit2/install/moveit_ros_move_group:/home/p/ws_moveit2/install/moveit_planners_ompl:/home/p/ws_moveit2/install/moveit_ros_planning:/home/p/ws_moveit2/install/moveit_ros_occupancy_map_monitor:/home/p/ws_moveit2/install/moveit_resources_prbt_ikfast_manipulator_plugin:/home/p/ws_moveit2/install/moveit_planners_chomp:/home/p/ws_moveit2/install/moveit_kinematics:/home/p/ws_moveit2/install/moveit_chomp_optimizer_adapter:/home/p/ws_moveit2/install/chomp_motion_planner:/home/p/ws_moveit2/install/moveit_core:/home/p/ws_moveit2/install/srdfdom:/home/p/ws_moveit2/install/rviz_marker_tools:/home/p/ws_moveit2/install/rosparam_shortcuts:/home/p/ws_moveit2/install/moveit_task_constructor_msgs:/home/p/ws_moveit2/install/moveit_resources_prbt_support:/home/p/ws_moveit2/install/moveit_resources:/home/p/ws_moveit2/install/moveit_resources_pr2_description:/home/p/ws_moveit2/install/moveit_resources_panda_moveit_config:/home/p/ws_moveit2/install/moveit_resources_panda_description:/home/p/ws_moveit2/install/moveit_resources_fanuc_moveit_config:/home/p/ws_moveit2/install/moveit_resources_fanuc_description:/home/p/ws_moveit2/install/moveit_common:/home/p/ws_demo1/install/ibvs_test:/home/p/demo_ws2/install/ur20_moveit_config:/home/p/demo_ws2/install/ur20_description:/home/p/demo_ws2/install/robotiq_description:/home/p/ws_demo2/install/ur_description:/home/p/ws_demo2/install/ik:/home/p/ws_demo2/install/ibvs:/home/p/ws_demo2/install/camera_image:/home/p/ws_moveit2/install/moveit_configs_utils:/home/p/ws_moveit2/install/launch_param_builder:/home/p/demo_ws2/install/ur20_joint_control:/home/p/demo_ws2/install/arm_joint_control:/opt/ros/humble LD_LIBRARY_PATH=/home/p/ws_demo2/install/service_interfaces/lib:/home/p/TensorRT_ws/TensorRT-8.6.1.6/lib:/usr/local/cuda-11.8/lib64:/home/p/ws_moveit2/install/pilz_industrial_motion_planner_testutils/lib:/home/p/ws_moveit2/install/pilz_industrial_motion_planner/lib:/home/p/ws_moveit2/install/moveit_visual_tools/lib:/home/p/ws_moveit2/install/moveit_task_constructor_visualization/lib:/home/p/ws_moveit2/install/moveit_task_constructor_demo/lib:/home/p/ws_moveit2/install/moveit_task_constructor_capabilities/lib:/home/p/ws_moveit2/install/moveit_task_constructor_core/lib:/home/p/ws_moveit2/install/moveit_ros_control_interface/lib:/home/p/ws_moveit2/install/moveit_simple_controller_manager/lib:/home/p/ws_moveit2/install/moveit_setup_assistant/lib:/home/p/ws_moveit2/install/moveit_setup_srdf_plugins/lib:/home/p/ws_moveit2/install/moveit_setup_core_plugins/lib:/home/p/ws_moveit2/install/moveit_setup_controllers/lib:/home/p/ws_moveit2/install/moveit_setup_app_plugins/lib:/home/p/ws_moveit2/install/moveit_setup_framework/lib:/home/p/ws_moveit2/install/moveit_servo/lib:/home/p/ws_moveit2/install/moveit_ros_visualization/lib:/home/p/ws_moveit2/install/moveit_hybrid_planning/lib:/home/p/ws_moveit2/install/moveit_ros_planning_interface/lib:/home/p/ws_moveit2/install/moveit_ros_benchmarks/lib:/home/p/ws_moveit2/install/moveit_ros_warehouse/lib:/home/p/ws_moveit2/install/moveit_ros_robot_interaction/lib:/home/p/ws_moveit2/install/moveit_ros_perception/lib:/home/p/ws_moveit2/install/moveit_ros_move_group/lib:/home/p/ws_moveit2/install/moveit_planners_ompl/lib:/home/p/ws_moveit2/install/moveit_ros_planning/lib:/home/p/ws_moveit2/install/moveit_ros_occupancy_map_monitor/lib:/home/p/ws_moveit2/install/moveit_resources_prbt_ikfast_manipulator_plugin/lib:/home/p/ws_moveit2/install/moveit_planners_chomp/lib:/home/p/ws_moveit2/install/moveit_kinematics/lib:/home/p/ws_moveit2/install/moveit_chomp_optimizer_adapter/lib:/home/p/ws_moveit2/install/chomp_motion_planner/lib:/home/p/ws_moveit2/install/moveit_core/lib:/home/p/ws_moveit2/install/srdfdom/lib:/home/p/ws_moveit2/install/rviz_marker_tools/lib:/home/p/ws_moveit2/install/rosparam_shortcuts/lib:/home/p/ws_moveit2/install/moveit_task_constructor_msgs/lib:/usr/lib/x86_64-linux-gnu/gazebo-11/plugins:/opt/ros/humble/opt/rviz_ogre_vendor/lib:/opt/ros/humble/lib/x86_64-linux-gnu:/opt/ros/humble/lib:/usr/share/gazebo/../../lib/x86_64-linux-gnu/gazebo-11/plugins /usr/local/bin/cmake --build /home/p/ws_demo2/build/ik -- -j16 -l16
[38.612s] DEBUG:colcon.colcon_core.event_handler.log_command:Invoking command in '/home/p/ws_demo2/build/ik': CMAKE_PREFIX_PATH=/home/p/ws_demo2/install/service_interfaces:/home/p/ws_moveit2/install/pilz_industrial_motion_planner_testutils:/home/p/ws_moveit2/install/moveit_runtime:/home/p/ws_moveit2/install/moveit2_tutorials:/home/p/ws_moveit2/install/moveit:/home/p/ws_moveit2/install/moveit_planners:/home/p/ws_moveit2/install/pilz_industrial_motion_planner:/home/p/ws_moveit2/install/moveit_visual_tools:/home/p/ws_moveit2/install/moveit_task_constructor_visualization:/home/p/ws_moveit2/install/moveit_task_constructor_demo:/home/p/ws_moveit2/install/moveit_task_constructor_capabilities:/home/p/ws_moveit2/install/moveit_task_constructor_core:/home/p/ws_moveit2/install/moveit_ros_control_interface:/home/p/ws_moveit2/install/moveit_plugins:/home/p/ws_moveit2/install/moveit_simple_controller_manager:/home/p/ws_moveit2/install/moveit_setup_assistant:/home/p/ws_moveit2/install/moveit_setup_srdf_plugins:/home/p/ws_moveit2/install/moveit_setup_core_plugins:/home/p/ws_moveit2/install/moveit_setup_controllers:/home/p/ws_moveit2/install/moveit_setup_app_plugins:/home/p/ws_moveit2/install/moveit_setup_framework:/home/p/ws_moveit2/install/moveit_servo:/home/p/ws_moveit2/install/moveit_ros:/home/p/ws_moveit2/install/moveit_ros_visualization:/home/p/ws_moveit2/install/moveit_hybrid_planning:/home/p/ws_moveit2/install/moveit_ros_planning_interface:/home/p/ws_moveit2/install/moveit_ros_benchmarks:/home/p/ws_moveit2/install/moveit_ros_warehouse:/home/p/ws_moveit2/install/moveit_ros_robot_interaction:/home/p/ws_moveit2/install/moveit_ros_perception:/home/p/ws_moveit2/install/moveit_resources_prbt_pg70_support:/home/p/ws_moveit2/install/moveit_resources_prbt_moveit_config:/home/p/ws_moveit2/install/moveit_ros_move_group:/home/p/ws_moveit2/install/moveit_planners_ompl:/home/p/ws_moveit2/install/moveit_ros_planning:/home/p/ws_moveit2/install/moveit_ros_occupancy_map_monitor:/home/p/ws_moveit2/install/moveit_resources_prbt_ikfast_manipulator_plugin:/home/p/ws_moveit2/install/moveit_planners_chomp:/home/p/ws_moveit2/install/moveit_kinematics:/home/p/ws_moveit2/install/moveit_chomp_optimizer_adapter:/home/p/ws_moveit2/install/chomp_motion_planner:/home/p/ws_moveit2/install/moveit_core:/home/p/ws_moveit2/install/srdfdom:/home/p/ws_moveit2/install/rviz_marker_tools:/home/p/ws_moveit2/install/rosparam_shortcuts:/home/p/ws_moveit2/install/moveit_task_constructor_msgs:/home/p/ws_moveit2/install/moveit_resources_prbt_support:/home/p/ws_moveit2/install/moveit_resources:/home/p/ws_moveit2/install/moveit_resources_pr2_description:/home/p/ws_moveit2/install/moveit_resources_panda_moveit_config:/home/p/ws_moveit2/install/moveit_resources_panda_description:/home/p/ws_moveit2/install/moveit_resources_fanuc_moveit_config:/home/p/ws_moveit2/install/moveit_resources_fanuc_description:/home/p/ws_moveit2/install/moveit_common:/home/p/ws_demo1/install/ibvs_test:/home/p/demo_ws2/install/ur20_moveit_config:/home/p/demo_ws2/install/ur20_description:/home/p/demo_ws2/install/robotiq_description:/home/p/ws_demo2/install/ur_description:/home/p/ws_demo2/install/ik:/home/p/ws_demo2/install/ibvs:/home/p/ws_demo2/install/camera_image:/home/p/ws_moveit2/install/moveit_configs_utils:/home/p/ws_moveit2/install/launch_param_builder:/home/p/demo_ws2/install/ur20_joint_control:/home/p/demo_ws2/install/arm_joint_control:/opt/ros/humble LD_LIBRARY_PATH=/home/p/ws_demo2/install/service_interfaces/lib:/home/p/TensorRT_ws/TensorRT-8.6.1.6/lib:/usr/local/cuda-11.8/lib64:/home/p/ws_moveit2/install/pilz_industrial_motion_planner_testutils/lib:/home/p/ws_moveit2/install/pilz_industrial_motion_planner/lib:/home/p/ws_moveit2/install/moveit_visual_tools/lib:/home/p/ws_moveit2/install/moveit_task_constructor_visualization/lib:/home/p/ws_moveit2/install/moveit_task_constructor_demo/lib:/home/p/ws_moveit2/install/moveit_task_constructor_capabilities/lib:/home/p/ws_moveit2/install/moveit_task_constructor_core/lib:/home/p/ws_moveit2/install/moveit_ros_control_interface/lib:/home/p/ws_moveit2/install/moveit_simple_controller_manager/lib:/home/p/ws_moveit2/install/moveit_setup_assistant/lib:/home/p/ws_moveit2/install/moveit_setup_srdf_plugins/lib:/home/p/ws_moveit2/install/moveit_setup_core_plugins/lib:/home/p/ws_moveit2/install/moveit_setup_controllers/lib:/home/p/ws_moveit2/install/moveit_setup_app_plugins/lib:/home/p/ws_moveit2/install/moveit_setup_framework/lib:/home/p/ws_moveit2/install/moveit_servo/lib:/home/p/ws_moveit2/install/moveit_ros_visualization/lib:/home/p/ws_moveit2/install/moveit_hybrid_planning/lib:/home/p/ws_moveit2/install/moveit_ros_planning_interface/lib:/home/p/ws_moveit2/install/moveit_ros_benchmarks/lib:/home/p/ws_moveit2/install/moveit_ros_warehouse/lib:/home/p/ws_moveit2/install/moveit_ros_robot_interaction/lib:/home/p/ws_moveit2/install/moveit_ros_perception/lib:/home/p/ws_moveit2/install/moveit_ros_move_group/lib:/home/p/ws_moveit2/install/moveit_planners_ompl/lib:/home/p/ws_moveit2/install/moveit_ros_planning/lib:/home/p/ws_moveit2/install/moveit_ros_occupancy_map_monitor/lib:/home/p/ws_moveit2/install/moveit_resources_prbt_ikfast_manipulator_plugin/lib:/home/p/ws_moveit2/install/moveit_planners_chomp/lib:/home/p/ws_moveit2/install/moveit_kinematics/lib:/home/p/ws_moveit2/install/moveit_chomp_optimizer_adapter/lib:/home/p/ws_moveit2/install/chomp_motion_planner/lib:/home/p/ws_moveit2/install/moveit_core/lib:/home/p/ws_moveit2/install/srdfdom/lib:/home/p/ws_moveit2/install/rviz_marker_tools/lib:/home/p/ws_moveit2/install/rosparam_shortcuts/lib:/home/p/ws_moveit2/install/moveit_task_constructor_msgs/lib:/usr/lib/x86_64-linux-gnu/gazebo-11/plugins:/opt/ros/humble/opt/rviz_ogre_vendor/lib:/opt/ros/humble/lib/x86_64-linux-gnu:/opt/ros/humble/lib:/usr/share/gazebo/../../lib/x86_64-linux-gnu/gazebo-11/plugins /usr/local/bin/cmake --install /home/p/ws_demo2/build/ik
[38.631s] Level 1:colcon.colcon_core.environment:create_environment_scripts_only(ik)
[38.631s] Level 1:colcon.colcon_core.environment:checking '/home/p/ws_demo2/install/ik' for CMake module files
[38.632s] DEBUG:colcon.colcon_core.event_handler.log_command:Invoked command in '/home/p/ws_demo2/build/ik' returned '0': CMAKE_PREFIX_PATH=/home/p/ws_demo2/install/service_interfaces:/home/p/ws_moveit2/install/pilz_industrial_motion_planner_testutils:/home/p/ws_moveit2/install/moveit_runtime:/home/p/ws_moveit2/install/moveit2_tutorials:/home/p/ws_moveit2/install/moveit:/home/p/ws_moveit2/install/moveit_planners:/home/p/ws_moveit2/install/pilz_industrial_motion_planner:/home/p/ws_moveit2/install/moveit_visual_tools:/home/p/ws_moveit2/install/moveit_task_constructor_visualization:/home/p/ws_moveit2/install/moveit_task_constructor_demo:/home/p/ws_moveit2/install/moveit_task_constructor_capabilities:/home/p/ws_moveit2/install/moveit_task_constructor_core:/home/p/ws_moveit2/install/moveit_ros_control_interface:/home/p/ws_moveit2/install/moveit_plugins:/home/p/ws_moveit2/install/moveit_simple_controller_manager:/home/p/ws_moveit2/install/moveit_setup_assistant:/home/p/ws_moveit2/install/moveit_setup_srdf_plugins:/home/p/ws_moveit2/install/moveit_setup_core_plugins:/home/p/ws_moveit2/install/moveit_setup_controllers:/home/p/ws_moveit2/install/moveit_setup_app_plugins:/home/p/ws_moveit2/install/moveit_setup_framework:/home/p/ws_moveit2/install/moveit_servo:/home/p/ws_moveit2/install/moveit_ros:/home/p/ws_moveit2/install/moveit_ros_visualization:/home/p/ws_moveit2/install/moveit_hybrid_planning:/home/p/ws_moveit2/install/moveit_ros_planning_interface:/home/p/ws_moveit2/install/moveit_ros_benchmarks:/home/p/ws_moveit2/install/moveit_ros_warehouse:/home/p/ws_moveit2/install/moveit_ros_robot_interaction:/home/p/ws_moveit2/install/moveit_ros_perception:/home/p/ws_moveit2/install/moveit_resources_prbt_pg70_support:/home/p/ws_moveit2/install/moveit_resources_prbt_moveit_config:/home/p/ws_moveit2/install/moveit_ros_move_group:/home/p/ws_moveit2/install/moveit_planners_ompl:/home/p/ws_moveit2/install/moveit_ros_planning:/home/p/ws_moveit2/install/moveit_ros_occupancy_map_monitor:/home/p/ws_moveit2/install/moveit_resources_prbt_ikfast_manipulator_plugin:/home/p/ws_moveit2/install/moveit_planners_chomp:/home/p/ws_moveit2/install/moveit_kinematics:/home/p/ws_moveit2/install/moveit_chomp_optimizer_adapter:/home/p/ws_moveit2/install/chomp_motion_planner:/home/p/ws_moveit2/install/moveit_core:/home/p/ws_moveit2/install/srdfdom:/home/p/ws_moveit2/install/rviz_marker_tools:/home/p/ws_moveit2/install/rosparam_shortcuts:/home/p/ws_moveit2/install/moveit_task_constructor_msgs:/home/p/ws_moveit2/install/moveit_resources_prbt_support:/home/p/ws_moveit2/install/moveit_resources:/home/p/ws_moveit2/install/moveit_resources_pr2_description:/home/p/ws_moveit2/install/moveit_resources_panda_moveit_config:/home/p/ws_moveit2/install/moveit_resources_panda_description:/home/p/ws_moveit2/install/moveit_resources_fanuc_moveit_config:/home/p/ws_moveit2/install/moveit_resources_fanuc_description:/home/p/ws_moveit2/install/moveit_common:/home/p/ws_demo1/install/ibvs_test:/home/p/demo_ws2/install/ur20_moveit_config:/home/p/demo_ws2/install/ur20_description:/home/p/demo_ws2/install/robotiq_description:/home/p/ws_demo2/install/ur_description:/home/p/ws_demo2/install/ik:/home/p/ws_demo2/install/ibvs:/home/p/ws_demo2/install/camera_image:/home/p/ws_moveit2/install/moveit_configs_utils:/home/p/ws_moveit2/install/launch_param_builder:/home/p/demo_ws2/install/ur20_joint_control:/home/p/demo_ws2/install/arm_joint_control:/opt/ros/humble LD_LIBRARY_PATH=/home/p/ws_demo2/install/service_interfaces/lib:/home/p/TensorRT_ws/TensorRT-8.6.1.6/lib:/usr/local/cuda-11.8/lib64:/home/p/ws_moveit2/install/pilz_industrial_motion_planner_testutils/lib:/home/p/ws_moveit2/install/pilz_industrial_motion_planner/lib:/home/p/ws_moveit2/install/moveit_visual_tools/lib:/home/p/ws_moveit2/install/moveit_task_constructor_visualization/lib:/home/p/ws_moveit2/install/moveit_task_constructor_demo/lib:/home/p/ws_moveit2/install/moveit_task_constructor_capabilities/lib:/home/p/ws_moveit2/install/moveit_task_constructor_core/lib:/home/p/ws_moveit2/install/moveit_ros_control_interface/lib:/home/p/ws_moveit2/install/moveit_simple_controller_manager/lib:/home/p/ws_moveit2/install/moveit_setup_assistant/lib:/home/p/ws_moveit2/install/moveit_setup_srdf_plugins/lib:/home/p/ws_moveit2/install/moveit_setup_core_plugins/lib:/home/p/ws_moveit2/install/moveit_setup_controllers/lib:/home/p/ws_moveit2/install/moveit_setup_app_plugins/lib:/home/p/ws_moveit2/install/moveit_setup_framework/lib:/home/p/ws_moveit2/install/moveit_servo/lib:/home/p/ws_moveit2/install/moveit_ros_visualization/lib:/home/p/ws_moveit2/install/moveit_hybrid_planning/lib:/home/p/ws_moveit2/install/moveit_ros_planning_interface/lib:/home/p/ws_moveit2/install/moveit_ros_benchmarks/lib:/home/p/ws_moveit2/install/moveit_ros_warehouse/lib:/home/p/ws_moveit2/install/moveit_ros_robot_interaction/lib:/home/p/ws_moveit2/install/moveit_ros_perception/lib:/home/p/ws_moveit2/install/moveit_ros_move_group/lib:/home/p/ws_moveit2/install/moveit_planners_ompl/lib:/home/p/ws_moveit2/install/moveit_ros_planning/lib:/home/p/ws_moveit2/install/moveit_ros_occupancy_map_monitor/lib:/home/p/ws_moveit2/install/moveit_resources_prbt_ikfast_manipulator_plugin/lib:/home/p/ws_moveit2/install/moveit_planners_chomp/lib:/home/p/ws_moveit2/install/moveit_kinematics/lib:/home/p/ws_moveit2/install/moveit_chomp_optimizer_adapter/lib:/home/p/ws_moveit2/install/chomp_motion_planner/lib:/home/p/ws_moveit2/install/moveit_core/lib:/home/p/ws_moveit2/install/srdfdom/lib:/home/p/ws_moveit2/install/rviz_marker_tools/lib:/home/p/ws_moveit2/install/rosparam_shortcuts/lib:/home/p/ws_moveit2/install/moveit_task_constructor_msgs/lib:/usr/lib/x86_64-linux-gnu/gazebo-11/plugins:/opt/ros/humble/opt/rviz_ogre_vendor/lib:/opt/ros/humble/lib/x86_64-linux-gnu:/opt/ros/humble/lib:/usr/share/gazebo/../../lib/x86_64-linux-gnu/gazebo-11/plugins /usr/local/bin/cmake --install /home/p/ws_demo2/build/ik
[38.632s] Level 1:colcon.colcon_core.environment:checking '/home/p/ws_demo2/install/ik' for CMake config files
[38.633s] Level 1:colcon.colcon_core.shell:create_environment_hook('ik', 'cmake_prefix_path')
[38.633s] INFO:colcon.colcon_core.shell:Creating environment hook '/home/p/ws_demo2/install/ik/share/ik/hook/cmake_prefix_path.ps1'
[38.633s] INFO:colcon.colcon_core.shell:Creating environment descriptor '/home/p/ws_demo2/install/ik/share/ik/hook/cmake_prefix_path.dsv'
[38.634s] INFO:colcon.colcon_core.shell:Creating environment hook '/home/p/ws_demo2/install/ik/share/ik/hook/cmake_prefix_path.sh'
[38.635s] Level 1:colcon.colcon_core.environment:checking '/home/p/ws_demo2/install/ik/lib'
[38.635s] Level 1:colcon.colcon_core.environment:checking '/home/p/ws_demo2/install/ik/bin'
[38.635s] Level 1:colcon.colcon_core.environment:checking '/home/p/ws_demo2/install/ik/lib/pkgconfig/ik.pc'
[38.635s] Level 1:colcon.colcon_core.environment:checking '/home/p/ws_demo2/install/ik/lib/python3.10/site-packages'
[38.636s] Level 1:colcon.colcon_core.environment:checking '/home/p/ws_demo2/install/ik/bin'
[38.636s] INFO:colcon.colcon_core.shell:Creating package script '/home/p/ws_demo2/install/ik/share/ik/package.ps1'
[38.637s] INFO:colcon.colcon_core.shell:Creating package descriptor '/home/p/ws_demo2/install/ik/share/ik/package.dsv'
[38.637s] INFO:colcon.colcon_core.shell:Creating package script '/home/p/ws_demo2/install/ik/share/ik/package.sh'
[38.638s] INFO:colcon.colcon_core.shell:Creating package script '/home/p/ws_demo2/install/ik/share/ik/package.bash'
[38.638s] INFO:colcon.colcon_core.shell:Creating package script '/home/p/ws_demo2/install/ik/share/ik/package.zsh'
[38.639s] Level 1:colcon.colcon_core.environment:create_file_with_runtime_dependencies(/home/p/ws_demo2/install/ik/share/colcon-core/packages/ik)
[38.640s] Level 1:colcon.colcon_core.environment:create_environment_scripts_only(ik)
[38.640s] Level 1:colcon.colcon_core.environment:checking '/home/p/ws_demo2/install/ik' for CMake module files
[38.640s] Level 1:colcon.colcon_core.environment:checking '/home/p/ws_demo2/install/ik' for CMake config files
[38.641s] Level 1:colcon.colcon_core.shell:create_environment_hook('ik', 'cmake_prefix_path')
[38.641s] INFO:colcon.colcon_core.shell:Creating environment hook '/home/p/ws_demo2/install/ik/share/ik/hook/cmake_prefix_path.ps1'
[38.642s] INFO:colcon.colcon_core.shell:Creating environment descriptor '/home/p/ws_demo2/install/ik/share/ik/hook/cmake_prefix_path.dsv'
[38.642s] INFO:colcon.colcon_core.shell:Creating environment hook '/home/p/ws_demo2/install/ik/share/ik/hook/cmake_prefix_path.sh'
[38.643s] Level 1:colcon.colcon_core.environment:checking '/home/p/ws_demo2/install/ik/lib'
[38.643s] Level 1:colcon.colcon_core.environment:checking '/home/p/ws_demo2/install/ik/bin'
[38.643s] Level 1:colcon.colcon_core.environment:checking '/home/p/ws_demo2/install/ik/lib/pkgconfig/ik.pc'
[38.643s] Level 1:colcon.colcon_core.environment:checking '/home/p/ws_demo2/install/ik/lib/python3.10/site-packages'
[38.644s] Level 1:colcon.colcon_core.environment:checking '/home/p/ws_demo2/install/ik/bin'
[38.644s] INFO:colcon.colcon_core.shell:Creating package script '/home/p/ws_demo2/install/ik/share/ik/package.ps1'
[38.645s] INFO:colcon.colcon_core.shell:Creating package descriptor '/home/p/ws_demo2/install/ik/share/ik/package.dsv'
[38.646s] INFO:colcon.colcon_core.shell:Creating package script '/home/p/ws_demo2/install/ik/share/ik/package.sh'
[38.646s] INFO:colcon.colcon_core.shell:Creating package script '/home/p/ws_demo2/install/ik/share/ik/package.bash'
[38.647s] INFO:colcon.colcon_core.shell:Creating package script '/home/p/ws_demo2/install/ik/share/ik/package.zsh'
[38.647s] Level 1:colcon.colcon_core.environment:create_file_with_runtime_dependencies(/home/p/ws_demo2/install/ik/share/colcon-core/packages/ik)
[38.648s] DEBUG:colcon.colcon_parallel_executor.executor.parallel:closing loop
[38.648s] DEBUG:colcon.colcon_parallel_executor.executor.parallel:loop closed
[38.648s] DEBUG:colcon.colcon_parallel_executor.executor.parallel:run_until_complete finished with '0'
[38.648s] DEBUG:colcon.colcon_core.event_reactor:joining thread
[38.656s] INFO:colcon.colcon_core.plugin_system:Skipping extension 'colcon_notification.desktop_notification.terminal_notifier': Not used on non-Darwin systems
[38.656s] INFO:colcon.colcon_core.plugin_system:Skipping extension 'colcon_notification.desktop_notification.win32': Not used on non-Windows systems
[38.656s] INFO:colcon.colcon_notification.desktop_notification:Sending desktop notification using 'notify2'
[38.671s] DEBUG:colcon.colcon_core.event_reactor:joined thread
[38.671s] INFO:colcon.colcon_core.shell:Creating prefix script '/home/p/ws_demo2/install/local_setup.ps1'
[38.673s] INFO:colcon.colcon_core.shell:Creating prefix util module '/home/p/ws_demo2/install/_local_setup_util_ps1.py'
[38.675s] INFO:colcon.colcon_core.shell:Creating prefix chain script '/home/p/ws_demo2/install/setup.ps1'
[38.679s] INFO:colcon.colcon_core.shell:Creating prefix script '/home/p/ws_demo2/install/local_setup.sh'
[38.680s] INFO:colcon.colcon_core.shell:Creating prefix util module '/home/p/ws_demo2/install/_local_setup_util_sh.py'
[38.681s] INFO:colcon.colcon_core.shell:Creating prefix chain script '/home/p/ws_demo2/install/setup.sh'
[38.686s] INFO:colcon.colcon_core.shell:Creating prefix script '/home/p/ws_demo2/install/local_setup.bash'
[38.686s] INFO:colcon.colcon_core.shell:Creating prefix chain script '/home/p/ws_demo2/install/setup.bash'
[38.691s] INFO:colcon.colcon_core.shell:Creating prefix script '/home/p/ws_demo2/install/local_setup.zsh'
[38.691s] INFO:colcon.colcon_core.shell:Creating prefix chain script '/home/p/ws_demo2/install/setup.zsh'
