[0.098s] DEBUG:colcon:Command line arguments: ['/usr/bin/colcon', 'build']
[0.099s] DEBUG:colcon:Parsed command line arguments: Namespace(log_base=None, log_level=None, verb_name='build', build_base='build', install_base='install', merge_install=False, symlink_install=False, test_result_base=None, continue_on_error=False, executor='parallel', parallel_workers=16, event_handlers=None, ignore_user_meta=False, metas=['./colcon.meta'], base_paths=['.'], packages_ignore=None, packages_ignore_regex=None, paths=None, packages_up_to=None, packages_up_to_regex=None, packages_above=None, packages_above_and_dependencies=None, packages_above_depth=None, packages_select_by_dep=None, packages_skip_by_dep=None, packages_skip_up_to=None, packages_select_build_failed=False, packages_skip_build_finished=False, packages_select_test_failures=False, packages_skip_test_passed=False, packages_select=None, packages_skip=None, packages_select_regex=None, packages_skip_regex=None, packages_start=None, packages_end=None, allow_overriding=[], cmake_args=None, cmake_target=None, cmake_target_skip_unavailable=False, cmake_clean_cache=False, cmake_clean_first=False, cmake_force_configure=False, ament_cmake_args=None, catkin_cmake_args=None, catkin_skip_building_tests=False, mixin_files=None, mixin=None, verb_parser=<colcon_mixin.mixin.mixin_argument.MixinArgumentDecorator object at 0x7728f995b220>, verb_extension=<colcon_core.verb.build.BuildVerb object at 0x7728f995ac50>, main=<bound method BuildVerb.main of <colcon_core.verb.build.BuildVerb object at 0x7728f995ac50>>, mixin_verb=('build',))
[0.247s] Level 1:colcon.colcon_core.package_discovery:discover_packages(colcon_meta) check parameters
[0.247s] Level 1:colcon.colcon_core.package_discovery:discover_packages(recursive) check parameters
[0.247s] Level 1:colcon.colcon_core.package_discovery:discover_packages(ignore) check parameters
[0.247s] Level 1:colcon.colcon_core.package_discovery:discover_packages(path) check parameters
[0.247s] Level 1:colcon.colcon_core.package_discovery:discover_packages(colcon_meta) discover
[0.247s] Level 1:colcon.colcon_core.package_discovery:discover_packages(recursive) discover
[0.247s] INFO:colcon.colcon_core.package_discovery:Crawling recursively for packages in '/home/p/ws_demo2'
[0.247s] Level 1:colcon.colcon_core.package_identification:_identify(.) by extensions ['ignore', 'ignore_ament_install']
[0.247s] Level 1:colcon.colcon_core.package_identification:_identify(.) by extension 'ignore'
[0.247s] Level 1:colcon.colcon_core.package_identification:_identify(.) by extension 'ignore_ament_install'
[0.247s] Level 1:colcon.colcon_core.package_identification:_identify(.) by extensions ['colcon_pkg']
[0.247s] Level 1:colcon.colcon_core.package_identification:_identify(.) by extension 'colcon_pkg'
[0.247s] Level 1:colcon.colcon_core.package_identification:_identify(.) by extensions ['colcon_meta']
[0.247s] Level 1:colcon.colcon_core.package_identification:_identify(.) by extension 'colcon_meta'
[0.247s] Level 1:colcon.colcon_core.package_identification:_identify(.) by extensions ['ros']
[0.247s] Level 1:colcon.colcon_core.package_identification:_identify(.) by extension 'ros'
[0.255s] Level 1:colcon.colcon_core.package_identification:_identify(.) by extensions ['cmake', 'python']
[0.255s] Level 1:colcon.colcon_core.package_identification:_identify(.) by extension 'cmake'
[0.255s] Level 1:colcon.colcon_core.package_identification:_identify(.) by extension 'python'
[0.255s] Level 1:colcon.colcon_core.package_identification:_identify(.) by extensions ['python_setup_py']
[0.255s] Level 1:colcon.colcon_core.package_identification:_identify(.) by extension 'python_setup_py'
[0.255s] Level 1:colcon.colcon_core.package_identification:_identify(build) by extensions ['ignore', 'ignore_ament_install']
[0.255s] Level 1:colcon.colcon_core.package_identification:_identify(build) by extension 'ignore'
[0.255s] Level 1:colcon.colcon_core.package_identification:_identify(build) ignored
[0.255s] Level 1:colcon.colcon_core.package_identification:_identify(install) by extensions ['ignore', 'ignore_ament_install']
[0.255s] Level 1:colcon.colcon_core.package_identification:_identify(install) by extension 'ignore'
[0.255s] Level 1:colcon.colcon_core.package_identification:_identify(install) ignored
[0.255s] Level 1:colcon.colcon_core.package_identification:_identify(log) by extensions ['ignore', 'ignore_ament_install']
[0.255s] Level 1:colcon.colcon_core.package_identification:_identify(log) by extension 'ignore'
[0.256s] Level 1:colcon.colcon_core.package_identification:_identify(log) ignored
[0.256s] Level 1:colcon.colcon_core.package_identification:_identify(src) by extensions ['ignore', 'ignore_ament_install']
[0.256s] Level 1:colcon.colcon_core.package_identification:_identify(src) by extension 'ignore'
[0.256s] Level 1:colcon.colcon_core.package_identification:_identify(src) by extension 'ignore_ament_install'
[0.256s] Level 1:colcon.colcon_core.package_identification:_identify(src) by extensions ['colcon_pkg']
[0.256s] Level 1:colcon.colcon_core.package_identification:_identify(src) by extension 'colcon_pkg'
[0.256s] Level 1:colcon.colcon_core.package_identification:_identify(src) by extensions ['colcon_meta']
[0.256s] Level 1:colcon.colcon_core.package_identification:_identify(src) by extension 'colcon_meta'
[0.256s] Level 1:colcon.colcon_core.package_identification:_identify(src) by extensions ['ros']
[0.256s] Level 1:colcon.colcon_core.package_identification:_identify(src) by extension 'ros'
[0.256s] Level 1:colcon.colcon_core.package_identification:_identify(src) by extensions ['cmake', 'python']
[0.256s] Level 1:colcon.colcon_core.package_identification:_identify(src) by extension 'cmake'
[0.256s] Level 1:colcon.colcon_core.package_identification:_identify(src) by extension 'python'
[0.256s] Level 1:colcon.colcon_core.package_identification:_identify(src) by extensions ['python_setup_py']
[0.256s] Level 1:colcon.colcon_core.package_identification:_identify(src) by extension 'python_setup_py'
[0.256s] Level 1:colcon.colcon_core.package_identification:_identify(src/camera_image) by extensions ['ignore', 'ignore_ament_install']
[0.256s] Level 1:colcon.colcon_core.package_identification:_identify(src/camera_image) by extension 'ignore'
[0.256s] Level 1:colcon.colcon_core.package_identification:_identify(src/camera_image) by extension 'ignore_ament_install'
[0.256s] Level 1:colcon.colcon_core.package_identification:_identify(src/camera_image) by extensions ['colcon_pkg']
[0.256s] Level 1:colcon.colcon_core.package_identification:_identify(src/camera_image) by extension 'colcon_pkg'
[0.256s] Level 1:colcon.colcon_core.package_identification:_identify(src/camera_image) by extensions ['colcon_meta']
[0.256s] Level 1:colcon.colcon_core.package_identification:_identify(src/camera_image) by extension 'colcon_meta'
[0.256s] Level 1:colcon.colcon_core.package_identification:_identify(src/camera_image) by extensions ['ros']
[0.256s] Level 1:colcon.colcon_core.package_identification:_identify(src/camera_image) by extension 'ros'
[0.258s] DEBUG:colcon.colcon_core.package_identification:Package 'src/camera_image' with type 'ros.ament_cmake' and name 'camera_image'
[0.259s] Level 1:colcon.colcon_core.package_identification:_identify(src/ibvs) by extensions ['ignore', 'ignore_ament_install']
[0.259s] Level 1:colcon.colcon_core.package_identification:_identify(src/ibvs) by extension 'ignore'
[0.259s] Level 1:colcon.colcon_core.package_identification:_identify(src/ibvs) by extension 'ignore_ament_install'
[0.259s] Level 1:colcon.colcon_core.package_identification:_identify(src/ibvs) by extensions ['colcon_pkg']
[0.259s] Level 1:colcon.colcon_core.package_identification:_identify(src/ibvs) by extension 'colcon_pkg'
[0.259s] Level 1:colcon.colcon_core.package_identification:_identify(src/ibvs) by extensions ['colcon_meta']
[0.259s] Level 1:colcon.colcon_core.package_identification:_identify(src/ibvs) by extension 'colcon_meta'
[0.259s] Level 1:colcon.colcon_core.package_identification:_identify(src/ibvs) by extensions ['ros']
[0.259s] Level 1:colcon.colcon_core.package_identification:_identify(src/ibvs) by extension 'ros'
[0.260s] DEBUG:colcon.colcon_core.package_identification:Package 'src/ibvs' with type 'ros.ament_cmake' and name 'ibvs'
[0.261s] Level 1:colcon.colcon_core.package_identification:_identify(src/movegroup) by extensions ['ignore', 'ignore_ament_install']
[0.261s] Level 1:colcon.colcon_core.package_identification:_identify(src/movegroup) by extension 'ignore'
[0.261s] Level 1:colcon.colcon_core.package_identification:_identify(src/movegroup) by extension 'ignore_ament_install'
[0.261s] Level 1:colcon.colcon_core.package_identification:_identify(src/movegroup) by extensions ['colcon_pkg']
[0.261s] Level 1:colcon.colcon_core.package_identification:_identify(src/movegroup) by extension 'colcon_pkg'
[0.261s] Level 1:colcon.colcon_core.package_identification:_identify(src/movegroup) by extensions ['colcon_meta']
[0.261s] Level 1:colcon.colcon_core.package_identification:_identify(src/movegroup) by extension 'colcon_meta'
[0.261s] Level 1:colcon.colcon_core.package_identification:_identify(src/movegroup) by extensions ['ros']
[0.261s] Level 1:colcon.colcon_core.package_identification:_identify(src/movegroup) by extension 'ros'
[0.262s] DEBUG:colcon.colcon_core.package_identification:Package 'src/movegroup' with type 'ros.ament_cmake' and name 'movegroup'
[0.262s] Level 1:colcon.colcon_core.package_identification:_identify(src/service_interfaces) by extensions ['ignore', 'ignore_ament_install']
[0.262s] Level 1:colcon.colcon_core.package_identification:_identify(src/service_interfaces) by extension 'ignore'
[0.262s] Level 1:colcon.colcon_core.package_identification:_identify(src/service_interfaces) by extension 'ignore_ament_install'
[0.262s] Level 1:colcon.colcon_core.package_identification:_identify(src/service_interfaces) by extensions ['colcon_pkg']
[0.262s] Level 1:colcon.colcon_core.package_identification:_identify(src/service_interfaces) by extension 'colcon_pkg'
[0.262s] Level 1:colcon.colcon_core.package_identification:_identify(src/service_interfaces) by extensions ['colcon_meta']
[0.262s] Level 1:colcon.colcon_core.package_identification:_identify(src/service_interfaces) by extension 'colcon_meta'
[0.262s] Level 1:colcon.colcon_core.package_identification:_identify(src/service_interfaces) by extensions ['ros']
[0.262s] Level 1:colcon.colcon_core.package_identification:_identify(src/service_interfaces) by extension 'ros'
[0.263s] DEBUG:colcon.colcon_core.package_identification:Package 'src/service_interfaces' with type 'ros.ament_cmake' and name 'service_interfaces'
[0.263s] Level 1:colcon.colcon_core.package_identification:_identify(src/ur_description) by extensions ['ignore', 'ignore_ament_install']
[0.263s] Level 1:colcon.colcon_core.package_identification:_identify(src/ur_description) by extension 'ignore'
[0.263s] Level 1:colcon.colcon_core.package_identification:_identify(src/ur_description) by extension 'ignore_ament_install'
[0.263s] Level 1:colcon.colcon_core.package_identification:_identify(src/ur_description) by extensions ['colcon_pkg']
[0.263s] Level 1:colcon.colcon_core.package_identification:_identify(src/ur_description) by extension 'colcon_pkg'
[0.263s] Level 1:colcon.colcon_core.package_identification:_identify(src/ur_description) by extensions ['colcon_meta']
[0.263s] Level 1:colcon.colcon_core.package_identification:_identify(src/ur_description) by extension 'colcon_meta'
[0.263s] Level 1:colcon.colcon_core.package_identification:_identify(src/ur_description) by extensions ['ros']
[0.263s] Level 1:colcon.colcon_core.package_identification:_identify(src/ur_description) by extension 'ros'
[0.269s] DEBUG:colcon.colcon_core.package_identification:Package 'src/ur_description' with type 'ros.ament_cmake' and name 'ur_description'
[0.269s] Level 1:colcon.colcon_core.package_discovery:discover_packages(recursive) using defaults
[0.269s] Level 1:colcon.colcon_core.package_discovery:discover_packages(ignore) discover
[0.269s] Level 1:colcon.colcon_core.package_discovery:discover_packages(ignore) using defaults
[0.269s] Level 1:colcon.colcon_core.package_discovery:discover_packages(path) discover
[0.269s] Level 1:colcon.colcon_core.package_discovery:discover_packages(path) using defaults
[0.284s] Level 1:colcon.colcon_core.package_discovery:discover_packages(prefix_path) check parameters
[0.284s] Level 1:colcon.colcon_core.package_discovery:discover_packages(prefix_path) discover
[0.287s] DEBUG:colcon.colcon_installed_package_information.package_discovery:Found 1 installed packages in /home/p/ws_demo1/install
[0.287s] DEBUG:colcon.colcon_installed_package_information.package_discovery:Found 5 installed packages in /home/p/demo_ws2/install
[0.288s] DEBUG:colcon.colcon_installed_package_information.package_discovery:Found 55 installed packages in /home/p/ws_moveit2/install
[0.290s] DEBUG:colcon.colcon_installed_package_information.package_discovery:Found 388 installed packages in /opt/ros/humble
[0.292s] Level 1:colcon.colcon_core.package_discovery:discover_packages(prefix_path) using defaults
[0.334s] Level 5:colcon.colcon_core.verb:set package 'camera_image' build argument 'cmake_args' from command line to 'None'
[0.334s] Level 5:colcon.colcon_core.verb:set package 'camera_image' build argument 'cmake_target' from command line to 'None'
[0.334s] Level 5:colcon.colcon_core.verb:set package 'camera_image' build argument 'cmake_target_skip_unavailable' from command line to 'False'
[0.334s] Level 5:colcon.colcon_core.verb:set package 'camera_image' build argument 'cmake_clean_cache' from command line to 'False'
[0.334s] Level 5:colcon.colcon_core.verb:set package 'camera_image' build argument 'cmake_clean_first' from command line to 'False'
[0.334s] Level 5:colcon.colcon_core.verb:set package 'camera_image' build argument 'cmake_force_configure' from command line to 'False'
[0.334s] Level 5:colcon.colcon_core.verb:set package 'camera_image' build argument 'ament_cmake_args' from command line to 'None'
[0.334s] Level 5:colcon.colcon_core.verb:set package 'camera_image' build argument 'catkin_cmake_args' from command line to 'None'
[0.335s] Level 5:colcon.colcon_core.verb:set package 'camera_image' build argument 'catkin_skip_building_tests' from command line to 'False'
[0.335s] DEBUG:colcon.colcon_core.verb:Building package 'camera_image' with the following arguments: {'ament_cmake_args': None, 'build_base': '/home/p/ws_demo2/build/camera_image', 'catkin_cmake_args': None, 'catkin_skip_building_tests': False, 'cmake_args': None, 'cmake_clean_cache': False, 'cmake_clean_first': False, 'cmake_force_configure': False, 'cmake_target': None, 'cmake_target_skip_unavailable': False, 'install_base': '/home/p/ws_demo2/install/camera_image', 'merge_install': False, 'path': '/home/p/ws_demo2/src/camera_image', 'symlink_install': False, 'test_result_base': None}
[0.335s] Level 5:colcon.colcon_core.verb:set package 'service_interfaces' build argument 'cmake_args' from command line to 'None'
[0.335s] Level 5:colcon.colcon_core.verb:set package 'service_interfaces' build argument 'cmake_target' from command line to 'None'
[0.335s] Level 5:colcon.colcon_core.verb:set package 'service_interfaces' build argument 'cmake_target_skip_unavailable' from command line to 'False'
[0.335s] Level 5:colcon.colcon_core.verb:set package 'service_interfaces' build argument 'cmake_clean_cache' from command line to 'False'
[0.335s] Level 5:colcon.colcon_core.verb:set package 'service_interfaces' build argument 'cmake_clean_first' from command line to 'False'
[0.335s] Level 5:colcon.colcon_core.verb:set package 'service_interfaces' build argument 'cmake_force_configure' from command line to 'False'
[0.335s] Level 5:colcon.colcon_core.verb:set package 'service_interfaces' build argument 'ament_cmake_args' from command line to 'None'
[0.335s] Level 5:colcon.colcon_core.verb:set package 'service_interfaces' build argument 'catkin_cmake_args' from command line to 'None'
[0.335s] Level 5:colcon.colcon_core.verb:set package 'service_interfaces' build argument 'catkin_skip_building_tests' from command line to 'False'
[0.335s] DEBUG:colcon.colcon_core.verb:Building package 'service_interfaces' with the following arguments: {'ament_cmake_args': None, 'build_base': '/home/p/ws_demo2/build/service_interfaces', 'catkin_cmake_args': None, 'catkin_skip_building_tests': False, 'cmake_args': None, 'cmake_clean_cache': False, 'cmake_clean_first': False, 'cmake_force_configure': False, 'cmake_target': None, 'cmake_target_skip_unavailable': False, 'install_base': '/home/p/ws_demo2/install/service_interfaces', 'merge_install': False, 'path': '/home/p/ws_demo2/src/service_interfaces', 'symlink_install': False, 'test_result_base': None}
[0.335s] Level 5:colcon.colcon_core.verb:set package 'ur_description' build argument 'cmake_args' from command line to 'None'
[0.335s] Level 5:colcon.colcon_core.verb:set package 'ur_description' build argument 'cmake_target' from command line to 'None'
[0.335s] Level 5:colcon.colcon_core.verb:set package 'ur_description' build argument 'cmake_target_skip_unavailable' from command line to 'False'
[0.335s] Level 5:colcon.colcon_core.verb:set package 'ur_description' build argument 'cmake_clean_cache' from command line to 'False'
[0.335s] Level 5:colcon.colcon_core.verb:set package 'ur_description' build argument 'cmake_clean_first' from command line to 'False'
[0.335s] Level 5:colcon.colcon_core.verb:set package 'ur_description' build argument 'cmake_force_configure' from command line to 'False'
[0.335s] Level 5:colcon.colcon_core.verb:set package 'ur_description' build argument 'ament_cmake_args' from command line to 'None'
[0.335s] Level 5:colcon.colcon_core.verb:set package 'ur_description' build argument 'catkin_cmake_args' from command line to 'None'
[0.336s] Level 5:colcon.colcon_core.verb:set package 'ur_description' build argument 'catkin_skip_building_tests' from command line to 'False'
[0.336s] DEBUG:colcon.colcon_core.verb:Building package 'ur_description' with the following arguments: {'ament_cmake_args': None, 'build_base': '/home/p/ws_demo2/build/ur_description', 'catkin_cmake_args': None, 'catkin_skip_building_tests': False, 'cmake_args': None, 'cmake_clean_cache': False, 'cmake_clean_first': False, 'cmake_force_configure': False, 'cmake_target': None, 'cmake_target_skip_unavailable': False, 'install_base': '/home/p/ws_demo2/install/ur_description', 'merge_install': False, 'path': '/home/p/ws_demo2/src/ur_description', 'symlink_install': False, 'test_result_base': None}
[0.336s] Level 5:colcon.colcon_core.verb:set package 'ibvs' build argument 'cmake_args' from command line to 'None'
[0.336s] Level 5:colcon.colcon_core.verb:set package 'ibvs' build argument 'cmake_target' from command line to 'None'
[0.336s] Level 5:colcon.colcon_core.verb:set package 'ibvs' build argument 'cmake_target_skip_unavailable' from command line to 'False'
[0.336s] Level 5:colcon.colcon_core.verb:set package 'ibvs' build argument 'cmake_clean_cache' from command line to 'False'
[0.336s] Level 5:colcon.colcon_core.verb:set package 'ibvs' build argument 'cmake_clean_first' from command line to 'False'
[0.336s] Level 5:colcon.colcon_core.verb:set package 'ibvs' build argument 'cmake_force_configure' from command line to 'False'
[0.336s] Level 5:colcon.colcon_core.verb:set package 'ibvs' build argument 'ament_cmake_args' from command line to 'None'
[0.336s] Level 5:colcon.colcon_core.verb:set package 'ibvs' build argument 'catkin_cmake_args' from command line to 'None'
[0.336s] Level 5:colcon.colcon_core.verb:set package 'ibvs' build argument 'catkin_skip_building_tests' from command line to 'False'
[0.336s] DEBUG:colcon.colcon_core.verb:Building package 'ibvs' with the following arguments: {'ament_cmake_args': None, 'build_base': '/home/p/ws_demo2/build/ibvs', 'catkin_cmake_args': None, 'catkin_skip_building_tests': False, 'cmake_args': None, 'cmake_clean_cache': False, 'cmake_clean_first': False, 'cmake_force_configure': False, 'cmake_target': None, 'cmake_target_skip_unavailable': False, 'install_base': '/home/p/ws_demo2/install/ibvs', 'merge_install': False, 'path': '/home/p/ws_demo2/src/ibvs', 'symlink_install': False, 'test_result_base': None}
[0.336s] Level 5:colcon.colcon_core.verb:set package 'movegroup' build argument 'cmake_args' from command line to 'None'
[0.336s] Level 5:colcon.colcon_core.verb:set package 'movegroup' build argument 'cmake_target' from command line to 'None'
[0.336s] Level 5:colcon.colcon_core.verb:set package 'movegroup' build argument 'cmake_target_skip_unavailable' from command line to 'False'
[0.336s] Level 5:colcon.colcon_core.verb:set package 'movegroup' build argument 'cmake_clean_cache' from command line to 'False'
[0.336s] Level 5:colcon.colcon_core.verb:set package 'movegroup' build argument 'cmake_clean_first' from command line to 'False'
[0.336s] Level 5:colcon.colcon_core.verb:set package 'movegroup' build argument 'cmake_force_configure' from command line to 'False'
[0.336s] Level 5:colcon.colcon_core.verb:set package 'movegroup' build argument 'ament_cmake_args' from command line to 'None'
[0.336s] Level 5:colcon.colcon_core.verb:set package 'movegroup' build argument 'catkin_cmake_args' from command line to 'None'
[0.337s] Level 5:colcon.colcon_core.verb:set package 'movegroup' build argument 'catkin_skip_building_tests' from command line to 'False'
[0.337s] DEBUG:colcon.colcon_core.verb:Building package 'movegroup' with the following arguments: {'ament_cmake_args': None, 'build_base': '/home/p/ws_demo2/build/movegroup', 'catkin_cmake_args': None, 'catkin_skip_building_tests': False, 'cmake_args': None, 'cmake_clean_cache': False, 'cmake_clean_first': False, 'cmake_force_configure': False, 'cmake_target': None, 'cmake_target_skip_unavailable': False, 'install_base': '/home/p/ws_demo2/install/movegroup', 'merge_install': False, 'path': '/home/p/ws_demo2/src/movegroup', 'symlink_install': False, 'test_result_base': None}
[0.337s] INFO:colcon.colcon_core.executor:Executing jobs using 'parallel' executor
[0.338s] DEBUG:colcon.colcon_parallel_executor.executor.parallel:run_until_complete
[0.338s] INFO:colcon.colcon_ros.task.ament_cmake.build:Building ROS package in '/home/p/ws_demo2/src/service_interfaces' with build type 'ament_cmake'
[0.338s] INFO:colcon.colcon_cmake.task.cmake.build:Building CMake package in '/home/p/ws_demo2/src/service_interfaces'
[0.340s] INFO:colcon.colcon_core.plugin_system:Skipping extension 'colcon_core.shell.bat': Not used on non-Windows systems
[0.340s] INFO:colcon.colcon_core.shell:Skip shell extension 'powershell' for command environment: Not usable outside of PowerShell
[0.340s] DEBUG:colcon.colcon_core.shell:Skip shell extension 'dsv' for command environment
[0.346s] INFO:colcon.colcon_ros.task.ament_cmake.build:Building ROS package in '/home/p/ws_demo2/src/camera_image' with build type 'ament_cmake'
[0.346s] INFO:colcon.colcon_cmake.task.cmake.build:Building CMake package in '/home/p/ws_demo2/src/camera_image'
[0.346s] INFO:colcon.colcon_core.shell:Skip shell extension 'powershell' for command environment: Not usable outside of PowerShell
[0.346s] DEBUG:colcon.colcon_core.shell:Skip shell extension 'dsv' for command environment
[0.352s] INFO:colcon.colcon_ros.task.ament_cmake.build:Building ROS package in '/home/p/ws_demo2/src/ur_description' with build type 'ament_cmake'
[0.352s] INFO:colcon.colcon_cmake.task.cmake.build:Building CMake package in '/home/p/ws_demo2/src/ur_description'
[0.352s] INFO:colcon.colcon_core.shell:Skip shell extension 'powershell' for command environment: Not usable outside of PowerShell
[0.352s] DEBUG:colcon.colcon_core.shell:Skip shell extension 'dsv' for command environment
[0.361s] DEBUG:colcon.colcon_core.event_handler.log_command:Invoking command in '/home/p/ws_demo2/build/service_interfaces': CMAKE_PREFIX_PATH=${CMAKE_PREFIX_PATH}:/home/p/ws_moveit2/install/moveit_configs_utils:/home/p/ws_moveit2/install/launch_param_builder:/home/p/demo_ws2/install/ur20_joint_control:/home/p/demo_ws2/install/arm_joint_control:/opt/ros/humble /usr/local/bin/cmake --build /home/p/ws_demo2/build/service_interfaces -- -j16 -l16
[0.365s] DEBUG:colcon.colcon_core.event_handler.log_command:Invoking command in '/home/p/ws_demo2/build/camera_image': CMAKE_PREFIX_PATH=${CMAKE_PREFIX_PATH}:/home/p/ws_moveit2/install/moveit_configs_utils:/home/p/ws_moveit2/install/launch_param_builder:/home/p/demo_ws2/install/ur20_joint_control:/home/p/demo_ws2/install/arm_joint_control:/opt/ros/humble /usr/local/bin/cmake --build /home/p/ws_demo2/build/camera_image -- -j16 -l16
[0.367s] DEBUG:colcon.colcon_core.event_handler.log_command:Invoking command in '/home/p/ws_demo2/build/ur_description': CMAKE_PREFIX_PATH=${CMAKE_PREFIX_PATH}:/home/p/ws_moveit2/install/moveit_configs_utils:/home/p/ws_moveit2/install/launch_param_builder:/home/p/demo_ws2/install/ur20_joint_control:/home/p/demo_ws2/install/arm_joint_control:/opt/ros/humble /usr/local/bin/cmake --build /home/p/ws_demo2/build/ur_description -- -j16 -l16
[0.379s] DEBUG:colcon.colcon_core.event_handler.log_command:Invoked command in '/home/p/ws_demo2/build/ur_description' returned '0': CMAKE_PREFIX_PATH=${CMAKE_PREFIX_PATH}:/home/p/ws_moveit2/install/moveit_configs_utils:/home/p/ws_moveit2/install/launch_param_builder:/home/p/demo_ws2/install/ur20_joint_control:/home/p/demo_ws2/install/arm_joint_control:/opt/ros/humble /usr/local/bin/cmake --build /home/p/ws_demo2/build/ur_description -- -j16 -l16
[0.383s] DEBUG:colcon.colcon_core.event_handler.log_command:Invoking command in '/home/p/ws_demo2/build/ur_description': CMAKE_PREFIX_PATH=${CMAKE_PREFIX_PATH}:/home/p/ws_moveit2/install/moveit_configs_utils:/home/p/ws_moveit2/install/launch_param_builder:/home/p/demo_ws2/install/ur20_joint_control:/home/p/demo_ws2/install/arm_joint_control:/opt/ros/humble /usr/local/bin/cmake --install /home/p/ws_demo2/build/ur_description
[0.387s] Level 1:colcon.colcon_core.environment:create_environment_scripts_only(ur_description)
[0.394s] DEBUG:colcon.colcon_core.event_handler.log_command:Invoked command in '/home/p/ws_demo2/build/ur_description' returned '0': CMAKE_PREFIX_PATH=${CMAKE_PREFIX_PATH}:/home/p/ws_moveit2/install/moveit_configs_utils:/home/p/ws_moveit2/install/launch_param_builder:/home/p/demo_ws2/install/ur20_joint_control:/home/p/demo_ws2/install/arm_joint_control:/opt/ros/humble /usr/local/bin/cmake --install /home/p/ws_demo2/build/ur_description
[0.395s] Level 1:colcon.colcon_core.environment:checking '/home/p/ws_demo2/install/ur_description' for CMake module files
[0.396s] Level 1:colcon.colcon_core.environment:checking '/home/p/ws_demo2/install/ur_description' for CMake config files
[0.396s] Level 1:colcon.colcon_core.shell:create_environment_hook('ur_description', 'cmake_prefix_path')
[0.396s] INFO:colcon.colcon_core.shell:Creating environment hook '/home/p/ws_demo2/install/ur_description/share/ur_description/hook/cmake_prefix_path.ps1'
[0.397s] INFO:colcon.colcon_core.shell:Creating environment descriptor '/home/p/ws_demo2/install/ur_description/share/ur_description/hook/cmake_prefix_path.dsv'
[0.398s] INFO:colcon.colcon_core.shell:Creating environment hook '/home/p/ws_demo2/install/ur_description/share/ur_description/hook/cmake_prefix_path.sh'
[0.399s] Level 1:colcon.colcon_core.environment:checking '/home/p/ws_demo2/install/ur_description/bin'
[0.399s] Level 1:colcon.colcon_core.environment:checking '/home/p/ws_demo2/install/ur_description/lib/pkgconfig/ur_description.pc'
[0.399s] Level 1:colcon.colcon_core.environment:checking '/home/p/ws_demo2/install/ur_description/lib/python3.10/site-packages'
[0.400s] Level 1:colcon.colcon_core.environment:checking '/home/p/ws_demo2/install/ur_description/bin'
[0.400s] INFO:colcon.colcon_core.shell:Creating package script '/home/p/ws_demo2/install/ur_description/share/ur_description/package.ps1'
[0.400s] INFO:colcon.colcon_core.shell:Creating package descriptor '/home/p/ws_demo2/install/ur_description/share/ur_description/package.dsv'
[0.401s] INFO:colcon.colcon_core.shell:Creating package script '/home/p/ws_demo2/install/ur_description/share/ur_description/package.sh'
[0.401s] INFO:colcon.colcon_core.shell:Creating package script '/home/p/ws_demo2/install/ur_description/share/ur_description/package.bash'
[0.402s] INFO:colcon.colcon_core.shell:Creating package script '/home/p/ws_demo2/install/ur_description/share/ur_description/package.zsh'
[0.403s] Level 1:colcon.colcon_core.environment:create_file_with_runtime_dependencies(/home/p/ws_demo2/install/ur_description/share/colcon-core/packages/ur_description)
[0.403s] Level 1:colcon.colcon_core.environment:create_environment_scripts_only(ur_description)
[0.403s] Level 1:colcon.colcon_core.environment:checking '/home/p/ws_demo2/install/ur_description' for CMake module files
[0.404s] Level 1:colcon.colcon_core.environment:checking '/home/p/ws_demo2/install/ur_description' for CMake config files
[0.404s] Level 1:colcon.colcon_core.shell:create_environment_hook('ur_description', 'cmake_prefix_path')
[0.404s] INFO:colcon.colcon_core.shell:Creating environment hook '/home/p/ws_demo2/install/ur_description/share/ur_description/hook/cmake_prefix_path.ps1'
[0.405s] INFO:colcon.colcon_core.shell:Creating environment descriptor '/home/p/ws_demo2/install/ur_description/share/ur_description/hook/cmake_prefix_path.dsv'
[0.405s] INFO:colcon.colcon_core.shell:Creating environment hook '/home/p/ws_demo2/install/ur_description/share/ur_description/hook/cmake_prefix_path.sh'
[0.405s] Level 1:colcon.colcon_core.environment:checking '/home/p/ws_demo2/install/ur_description/bin'
[0.405s] Level 1:colcon.colcon_core.environment:checking '/home/p/ws_demo2/install/ur_description/lib/pkgconfig/ur_description.pc'
[0.405s] Level 1:colcon.colcon_core.environment:checking '/home/p/ws_demo2/install/ur_description/lib/python3.10/site-packages'
[0.406s] Level 1:colcon.colcon_core.environment:checking '/home/p/ws_demo2/install/ur_description/bin'
[0.406s] INFO:colcon.colcon_core.shell:Creating package script '/home/p/ws_demo2/install/ur_description/share/ur_description/package.ps1'
[0.406s] INFO:colcon.colcon_core.shell:Creating package descriptor '/home/p/ws_demo2/install/ur_description/share/ur_description/package.dsv'
[0.407s] INFO:colcon.colcon_core.shell:Creating package script '/home/p/ws_demo2/install/ur_description/share/ur_description/package.sh'
[0.407s] INFO:colcon.colcon_core.shell:Creating package script '/home/p/ws_demo2/install/ur_description/share/ur_description/package.bash'
[0.407s] INFO:colcon.colcon_core.shell:Creating package script '/home/p/ws_demo2/install/ur_description/share/ur_description/package.zsh'
[0.408s] Level 1:colcon.colcon_core.environment:create_file_with_runtime_dependencies(/home/p/ws_demo2/install/ur_description/share/colcon-core/packages/ur_description)
[0.409s] DEBUG:colcon.colcon_core.event_handler.log_command:Invoked command in '/home/p/ws_demo2/build/camera_image' returned '0': CMAKE_PREFIX_PATH=${CMAKE_PREFIX_PATH}:/home/p/ws_moveit2/install/moveit_configs_utils:/home/p/ws_moveit2/install/launch_param_builder:/home/p/demo_ws2/install/ur20_joint_control:/home/p/demo_ws2/install/arm_joint_control:/opt/ros/humble /usr/local/bin/cmake --build /home/p/ws_demo2/build/camera_image -- -j16 -l16
[0.410s] DEBUG:colcon.colcon_core.event_handler.log_command:Invoking command in '/home/p/ws_demo2/build/camera_image': CMAKE_PREFIX_PATH=${CMAKE_PREFIX_PATH}:/home/p/ws_moveit2/install/moveit_configs_utils:/home/p/ws_moveit2/install/launch_param_builder:/home/p/demo_ws2/install/ur20_joint_control:/home/p/demo_ws2/install/arm_joint_control:/opt/ros/humble /usr/local/bin/cmake --install /home/p/ws_demo2/build/camera_image
[0.413s] Level 1:colcon.colcon_core.environment:create_environment_scripts_only(camera_image)
[0.413s] Level 1:colcon.colcon_core.environment:checking '/home/p/ws_demo2/install/camera_image' for CMake module files
[0.414s] DEBUG:colcon.colcon_core.event_handler.log_command:Invoked command in '/home/p/ws_demo2/build/camera_image' returned '0': CMAKE_PREFIX_PATH=${CMAKE_PREFIX_PATH}:/home/p/ws_moveit2/install/moveit_configs_utils:/home/p/ws_moveit2/install/launch_param_builder:/home/p/demo_ws2/install/ur20_joint_control:/home/p/demo_ws2/install/arm_joint_control:/opt/ros/humble /usr/local/bin/cmake --install /home/p/ws_demo2/build/camera_image
[0.414s] Level 1:colcon.colcon_core.environment:checking '/home/p/ws_demo2/install/camera_image' for CMake config files
[0.414s] Level 1:colcon.colcon_core.shell:create_environment_hook('camera_image', 'cmake_prefix_path')
[0.414s] INFO:colcon.colcon_core.shell:Creating environment hook '/home/p/ws_demo2/install/camera_image/share/camera_image/hook/cmake_prefix_path.ps1'
[0.414s] INFO:colcon.colcon_core.shell:Creating environment descriptor '/home/p/ws_demo2/install/camera_image/share/camera_image/hook/cmake_prefix_path.dsv'
[0.415s] INFO:colcon.colcon_core.shell:Creating environment hook '/home/p/ws_demo2/install/camera_image/share/camera_image/hook/cmake_prefix_path.sh'
[0.415s] Level 1:colcon.colcon_core.environment:checking '/home/p/ws_demo2/install/camera_image/lib'
[0.415s] Level 1:colcon.colcon_core.environment:checking '/home/p/ws_demo2/install/camera_image/bin'
[0.415s] Level 1:colcon.colcon_core.environment:checking '/home/p/ws_demo2/install/camera_image/lib/pkgconfig/camera_image.pc'
[0.415s] Level 1:colcon.colcon_core.environment:checking '/home/p/ws_demo2/install/camera_image/lib/python3.10/site-packages'
[0.416s] Level 1:colcon.colcon_core.environment:checking '/home/p/ws_demo2/install/camera_image/bin'
[0.416s] INFO:colcon.colcon_core.shell:Creating package script '/home/p/ws_demo2/install/camera_image/share/camera_image/package.ps1'
[0.416s] INFO:colcon.colcon_core.shell:Creating package descriptor '/home/p/ws_demo2/install/camera_image/share/camera_image/package.dsv'
[0.416s] INFO:colcon.colcon_core.shell:Creating package script '/home/p/ws_demo2/install/camera_image/share/camera_image/package.sh'
[0.417s] INFO:colcon.colcon_core.shell:Creating package script '/home/p/ws_demo2/install/camera_image/share/camera_image/package.bash'
[0.417s] INFO:colcon.colcon_core.shell:Creating package script '/home/p/ws_demo2/install/camera_image/share/camera_image/package.zsh'
[0.417s] Level 1:colcon.colcon_core.environment:create_file_with_runtime_dependencies(/home/p/ws_demo2/install/camera_image/share/colcon-core/packages/camera_image)
[0.418s] Level 1:colcon.colcon_core.environment:create_environment_scripts_only(camera_image)
[0.418s] Level 1:colcon.colcon_core.environment:checking '/home/p/ws_demo2/install/camera_image' for CMake module files
[0.418s] Level 1:colcon.colcon_core.environment:checking '/home/p/ws_demo2/install/camera_image' for CMake config files
[0.418s] Level 1:colcon.colcon_core.shell:create_environment_hook('camera_image', 'cmake_prefix_path')
[0.419s] INFO:colcon.colcon_core.shell:Creating environment hook '/home/p/ws_demo2/install/camera_image/share/camera_image/hook/cmake_prefix_path.ps1'
[0.419s] INFO:colcon.colcon_core.shell:Creating environment descriptor '/home/p/ws_demo2/install/camera_image/share/camera_image/hook/cmake_prefix_path.dsv'
[0.419s] INFO:colcon.colcon_core.shell:Creating environment hook '/home/p/ws_demo2/install/camera_image/share/camera_image/hook/cmake_prefix_path.sh'
[0.420s] Level 1:colcon.colcon_core.environment:checking '/home/p/ws_demo2/install/camera_image/lib'
[0.420s] Level 1:colcon.colcon_core.environment:checking '/home/p/ws_demo2/install/camera_image/bin'
[0.420s] Level 1:colcon.colcon_core.environment:checking '/home/p/ws_demo2/install/camera_image/lib/pkgconfig/camera_image.pc'
[0.420s] Level 1:colcon.colcon_core.environment:checking '/home/p/ws_demo2/install/camera_image/lib/python3.10/site-packages'
[0.421s] Level 1:colcon.colcon_core.environment:checking '/home/p/ws_demo2/install/camera_image/bin'
[0.421s] INFO:colcon.colcon_core.shell:Creating package script '/home/p/ws_demo2/install/camera_image/share/camera_image/package.ps1'
[0.421s] INFO:colcon.colcon_core.shell:Creating package descriptor '/home/p/ws_demo2/install/camera_image/share/camera_image/package.dsv'
[0.422s] INFO:colcon.colcon_core.shell:Creating package script '/home/p/ws_demo2/install/camera_image/share/camera_image/package.sh'
[0.422s] INFO:colcon.colcon_core.shell:Creating package script '/home/p/ws_demo2/install/camera_image/share/camera_image/package.bash'
[0.422s] INFO:colcon.colcon_core.shell:Creating package script '/home/p/ws_demo2/install/camera_image/share/camera_image/package.zsh'
[0.423s] Level 1:colcon.colcon_core.environment:create_file_with_runtime_dependencies(/home/p/ws_demo2/install/camera_image/share/colcon-core/packages/camera_image)
[0.611s] DEBUG:colcon.colcon_core.event_handler.log_command:Invoked command in '/home/p/ws_demo2/build/service_interfaces' returned '0': CMAKE_PREFIX_PATH=${CMAKE_PREFIX_PATH}:/home/p/ws_moveit2/install/moveit_configs_utils:/home/p/ws_moveit2/install/launch_param_builder:/home/p/demo_ws2/install/ur20_joint_control:/home/p/demo_ws2/install/arm_joint_control:/opt/ros/humble /usr/local/bin/cmake --build /home/p/ws_demo2/build/service_interfaces -- -j16 -l16
[0.612s] DEBUG:colcon.colcon_core.event_handler.log_command:Invoking command in '/home/p/ws_demo2/build/service_interfaces': CMAKE_PREFIX_PATH=${CMAKE_PREFIX_PATH}:/home/p/ws_moveit2/install/moveit_configs_utils:/home/p/ws_moveit2/install/launch_param_builder:/home/p/demo_ws2/install/ur20_joint_control:/home/p/demo_ws2/install/arm_joint_control:/opt/ros/humble /usr/local/bin/cmake --install /home/p/ws_demo2/build/service_interfaces
[0.652s] Level 1:colcon.colcon_core.environment:create_environment_scripts_only(service_interfaces)
[0.652s] Level 1:colcon.colcon_core.environment:checking '/home/p/ws_demo2/install/service_interfaces' for CMake module files
[0.653s] DEBUG:colcon.colcon_core.event_handler.log_command:Invoked command in '/home/p/ws_demo2/build/service_interfaces' returned '0': CMAKE_PREFIX_PATH=${CMAKE_PREFIX_PATH}:/home/p/ws_moveit2/install/moveit_configs_utils:/home/p/ws_moveit2/install/launch_param_builder:/home/p/demo_ws2/install/ur20_joint_control:/home/p/demo_ws2/install/arm_joint_control:/opt/ros/humble /usr/local/bin/cmake --install /home/p/ws_demo2/build/service_interfaces
[0.653s] Level 1:colcon.colcon_core.environment:checking '/home/p/ws_demo2/install/service_interfaces' for CMake config files
[0.654s] Level 1:colcon.colcon_core.shell:create_environment_hook('service_interfaces', 'cmake_prefix_path')
[0.654s] INFO:colcon.colcon_core.shell:Creating environment hook '/home/p/ws_demo2/install/service_interfaces/share/service_interfaces/hook/cmake_prefix_path.ps1'
[0.655s] INFO:colcon.colcon_core.shell:Creating environment descriptor '/home/p/ws_demo2/install/service_interfaces/share/service_interfaces/hook/cmake_prefix_path.dsv'
[0.655s] INFO:colcon.colcon_core.shell:Creating environment hook '/home/p/ws_demo2/install/service_interfaces/share/service_interfaces/hook/cmake_prefix_path.sh'
[0.656s] Level 1:colcon.colcon_core.environment:checking '/home/p/ws_demo2/install/service_interfaces/lib'
[0.656s] Level 1:colcon.colcon_core.shell:create_environment_hook('service_interfaces', 'ld_library_path_lib')
[0.656s] INFO:colcon.colcon_core.shell:Creating environment hook '/home/p/ws_demo2/install/service_interfaces/share/service_interfaces/hook/ld_library_path_lib.ps1'
[0.656s] INFO:colcon.colcon_core.shell:Creating environment descriptor '/home/p/ws_demo2/install/service_interfaces/share/service_interfaces/hook/ld_library_path_lib.dsv'
[0.656s] INFO:colcon.colcon_core.shell:Creating environment hook '/home/p/ws_demo2/install/service_interfaces/share/service_interfaces/hook/ld_library_path_lib.sh'
[0.657s] Level 1:colcon.colcon_core.environment:checking '/home/p/ws_demo2/install/service_interfaces/bin'
[0.657s] Level 1:colcon.colcon_core.environment:checking '/home/p/ws_demo2/install/service_interfaces/lib/pkgconfig/service_interfaces.pc'
[0.657s] Level 1:colcon.colcon_core.environment:checking '/home/p/ws_demo2/install/service_interfaces/lib/python3.10/site-packages'
[0.657s] Level 1:colcon.colcon_core.environment:checking '/home/p/ws_demo2/install/service_interfaces/bin'
[0.657s] INFO:colcon.colcon_core.shell:Creating package script '/home/p/ws_demo2/install/service_interfaces/share/service_interfaces/package.ps1'
[0.658s] INFO:colcon.colcon_core.shell:Creating package descriptor '/home/p/ws_demo2/install/service_interfaces/share/service_interfaces/package.dsv'
[0.658s] INFO:colcon.colcon_core.shell:Creating package script '/home/p/ws_demo2/install/service_interfaces/share/service_interfaces/package.sh'
[0.658s] INFO:colcon.colcon_core.shell:Creating package script '/home/p/ws_demo2/install/service_interfaces/share/service_interfaces/package.bash'
[0.658s] INFO:colcon.colcon_core.shell:Creating package script '/home/p/ws_demo2/install/service_interfaces/share/service_interfaces/package.zsh'
[0.659s] Level 1:colcon.colcon_core.environment:create_file_with_runtime_dependencies(/home/p/ws_demo2/install/service_interfaces/share/colcon-core/packages/service_interfaces)
[0.659s] Level 1:colcon.colcon_core.environment:create_environment_scripts_only(service_interfaces)
[0.659s] Level 1:colcon.colcon_core.environment:checking '/home/p/ws_demo2/install/service_interfaces' for CMake module files
[0.660s] Level 1:colcon.colcon_core.environment:checking '/home/p/ws_demo2/install/service_interfaces' for CMake config files
[0.660s] Level 1:colcon.colcon_core.shell:create_environment_hook('service_interfaces', 'cmake_prefix_path')
[0.660s] INFO:colcon.colcon_core.shell:Creating environment hook '/home/p/ws_demo2/install/service_interfaces/share/service_interfaces/hook/cmake_prefix_path.ps1'
[0.661s] INFO:colcon.colcon_core.shell:Creating environment descriptor '/home/p/ws_demo2/install/service_interfaces/share/service_interfaces/hook/cmake_prefix_path.dsv'
[0.661s] INFO:colcon.colcon_core.shell:Creating environment hook '/home/p/ws_demo2/install/service_interfaces/share/service_interfaces/hook/cmake_prefix_path.sh'
[0.662s] Level 1:colcon.colcon_core.environment:checking '/home/p/ws_demo2/install/service_interfaces/lib'
[0.662s] Level 1:colcon.colcon_core.shell:create_environment_hook('service_interfaces', 'ld_library_path_lib')
[0.662s] INFO:colcon.colcon_core.shell:Creating environment hook '/home/p/ws_demo2/install/service_interfaces/share/service_interfaces/hook/ld_library_path_lib.ps1'
[0.662s] INFO:colcon.colcon_core.shell:Creating environment descriptor '/home/p/ws_demo2/install/service_interfaces/share/service_interfaces/hook/ld_library_path_lib.dsv'
[0.663s] INFO:colcon.colcon_core.shell:Creating environment hook '/home/p/ws_demo2/install/service_interfaces/share/service_interfaces/hook/ld_library_path_lib.sh'
[0.663s] Level 1:colcon.colcon_core.environment:checking '/home/p/ws_demo2/install/service_interfaces/bin'
[0.663s] Level 1:colcon.colcon_core.environment:checking '/home/p/ws_demo2/install/service_interfaces/lib/pkgconfig/service_interfaces.pc'
[0.663s] Level 1:colcon.colcon_core.environment:checking '/home/p/ws_demo2/install/service_interfaces/lib/python3.10/site-packages'
[0.664s] Level 1:colcon.colcon_core.environment:checking '/home/p/ws_demo2/install/service_interfaces/bin'
[0.664s] INFO:colcon.colcon_core.shell:Creating package script '/home/p/ws_demo2/install/service_interfaces/share/service_interfaces/package.ps1'
[0.664s] INFO:colcon.colcon_core.shell:Creating package descriptor '/home/p/ws_demo2/install/service_interfaces/share/service_interfaces/package.dsv'
[0.665s] INFO:colcon.colcon_core.shell:Creating package script '/home/p/ws_demo2/install/service_interfaces/share/service_interfaces/package.sh'
[0.665s] INFO:colcon.colcon_core.shell:Creating package script '/home/p/ws_demo2/install/service_interfaces/share/service_interfaces/package.bash'
[0.666s] INFO:colcon.colcon_core.shell:Creating package script '/home/p/ws_demo2/install/service_interfaces/share/service_interfaces/package.zsh'
[0.666s] Level 1:colcon.colcon_core.environment:create_file_with_runtime_dependencies(/home/p/ws_demo2/install/service_interfaces/share/colcon-core/packages/service_interfaces)
[0.666s] INFO:colcon.colcon_ros.task.ament_cmake.build:Building ROS package in '/home/p/ws_demo2/src/ibvs' with build type 'ament_cmake'
[0.666s] INFO:colcon.colcon_cmake.task.cmake.build:Building CMake package in '/home/p/ws_demo2/src/ibvs'
[0.667s] INFO:colcon.colcon_core.shell:Skip shell extension 'powershell' for command environment: Not usable outside of PowerShell
[0.667s] DEBUG:colcon.colcon_core.shell:Skip shell extension 'dsv' for command environment
[0.675s] INFO:colcon.colcon_ros.task.ament_cmake.build:Building ROS package in '/home/p/ws_demo2/src/movegroup' with build type 'ament_cmake'
[0.675s] INFO:colcon.colcon_cmake.task.cmake.build:Building CMake package in '/home/p/ws_demo2/src/movegroup'
[0.675s] INFO:colcon.colcon_core.shell:Skip shell extension 'powershell' for command environment: Not usable outside of PowerShell
[0.675s] DEBUG:colcon.colcon_core.shell:Skip shell extension 'dsv' for command environment
[0.686s] DEBUG:colcon.colcon_core.event_handler.log_command:Invoking command in '/home/p/ws_demo2/build/ibvs': AMENT_PREFIX_PATH=/home/p/ws_demo2/install/service_interfaces:${AMENT_PREFIX_PATH} CMAKE_PREFIX_PATH=/home/p/ws_demo2/install/service_interfaces:/home/p/ws_moveit2/install/pilz_industrial_motion_planner_testutils:/home/p/ws_moveit2/install/moveit_runtime:/home/p/ws_moveit2/install/moveit2_tutorials:/home/p/ws_moveit2/install/moveit:/home/p/ws_moveit2/install/moveit_planners:/home/p/ws_moveit2/install/pilz_industrial_motion_planner:/home/p/ws_moveit2/install/moveit_visual_tools:/home/p/ws_moveit2/install/moveit_task_constructor_visualization:/home/p/ws_moveit2/install/moveit_task_constructor_demo:/home/p/ws_moveit2/install/moveit_task_constructor_capabilities:/home/p/ws_moveit2/install/moveit_task_constructor_core:/home/p/ws_moveit2/install/moveit_ros_control_interface:/home/p/ws_moveit2/install/moveit_plugins:/home/p/ws_moveit2/install/moveit_simple_controller_manager:/home/p/ws_moveit2/install/moveit_setup_assistant:/home/p/ws_moveit2/install/moveit_setup_srdf_plugins:/home/p/ws_moveit2/install/moveit_setup_core_plugins:/home/p/ws_moveit2/install/moveit_setup_controllers:/home/p/ws_moveit2/install/moveit_setup_app_plugins:/home/p/ws_moveit2/install/moveit_setup_framework:/home/p/ws_moveit2/install/moveit_servo:/home/p/ws_moveit2/install/moveit_ros:/home/p/ws_moveit2/install/moveit_ros_visualization:/home/p/ws_moveit2/install/moveit_hybrid_planning:/home/p/ws_moveit2/install/moveit_ros_planning_interface:/home/p/ws_moveit2/install/moveit_ros_benchmarks:/home/p/ws_moveit2/install/moveit_ros_warehouse:/home/p/ws_moveit2/install/moveit_ros_robot_interaction:/home/p/ws_moveit2/install/moveit_ros_perception:/home/p/ws_moveit2/install/moveit_resources_prbt_pg70_support:/home/p/ws_moveit2/install/moveit_resources_prbt_moveit_config:/home/p/ws_moveit2/install/moveit_ros_move_group:/home/p/ws_moveit2/install/moveit_planners_ompl:/home/p/ws_moveit2/install/moveit_ros_planning:/home/p/ws_moveit2/install/moveit_ros_occupancy_map_monitor:/home/p/ws_moveit2/install/moveit_resources_prbt_ikfast_manipulator_plugin:/home/p/ws_moveit2/install/moveit_planners_chomp:/home/p/ws_moveit2/install/moveit_kinematics:/home/p/ws_moveit2/install/moveit_chomp_optimizer_adapter:/home/p/ws_moveit2/install/chomp_motion_planner:/home/p/ws_moveit2/install/moveit_core:/home/p/ws_moveit2/install/srdfdom:/home/p/ws_moveit2/install/rviz_marker_tools:/home/p/ws_moveit2/install/rosparam_shortcuts:/home/p/ws_moveit2/install/moveit_task_constructor_msgs:/home/p/ws_moveit2/install/moveit_resources_prbt_support:/home/p/ws_moveit2/install/moveit_resources:/home/p/ws_moveit2/install/moveit_resources_pr2_description:/home/p/ws_moveit2/install/moveit_resources_panda_moveit_config:/home/p/ws_moveit2/install/moveit_resources_panda_description:/home/p/ws_moveit2/install/moveit_resources_fanuc_moveit_config:/home/p/ws_moveit2/install/moveit_resources_fanuc_description:/home/p/ws_moveit2/install/moveit_common:/home/p/ws_demo1/install/ibvs_test:/home/p/demo_ws2/install/ur20_moveit_config:/home/p/demo_ws2/install/ur20_description:/home/p/demo_ws2/install/robotiq_description:/home/p/ws_moveit2/install/moveit_configs_utils:/home/p/ws_moveit2/install/launch_param_builder:/home/p/demo_ws2/install/ur20_joint_control:/home/p/demo_ws2/install/arm_joint_control:/opt/ros/humble LD_LIBRARY_PATH=/home/p/ws_demo2/install/service_interfaces/lib:/home/p/TensorRT_ws/TensorRT-8.6.1.6/lib:/usr/local/cuda-11.8/lib64:/home/p/ws_moveit2/install/pilz_industrial_motion_planner_testutils/lib:/home/p/ws_moveit2/install/pilz_industrial_motion_planner/lib:/home/p/ws_moveit2/install/moveit_visual_tools/lib:/home/p/ws_moveit2/install/moveit_task_constructor_visualization/lib:/home/p/ws_moveit2/install/moveit_task_constructor_demo/lib:/home/p/ws_moveit2/install/moveit_task_constructor_capabilities/lib:/home/p/ws_moveit2/install/moveit_task_constructor_core/lib:/home/p/ws_moveit2/install/moveit_ros_control_interface/lib:/home/p/ws_moveit2/install/moveit_simple_controller_manager/lib:/home/p/ws_moveit2/install/moveit_setup_assistant/lib:/home/p/ws_moveit2/install/moveit_setup_srdf_plugins/lib:/home/p/ws_moveit2/install/moveit_setup_core_plugins/lib:/home/p/ws_moveit2/install/moveit_setup_controllers/lib:/home/p/ws_moveit2/install/moveit_setup_app_plugins/lib:/home/p/ws_moveit2/install/moveit_setup_framework/lib:/home/p/ws_moveit2/install/moveit_servo/lib:/home/p/ws_moveit2/install/moveit_ros_visualization/lib:/home/p/ws_moveit2/install/moveit_hybrid_planning/lib:/home/p/ws_moveit2/install/moveit_ros_planning_interface/lib:/home/p/ws_moveit2/install/moveit_ros_benchmarks/lib:/home/p/ws_moveit2/install/moveit_ros_warehouse/lib:/home/p/ws_moveit2/install/moveit_ros_robot_interaction/lib:/home/p/ws_moveit2/install/moveit_ros_perception/lib:/home/p/ws_moveit2/install/moveit_ros_move_group/lib:/home/p/ws_moveit2/install/moveit_planners_ompl/lib:/home/p/ws_moveit2/install/moveit_ros_planning/lib:/home/p/ws_moveit2/install/moveit_ros_occupancy_map_monitor/lib:/home/p/ws_moveit2/install/moveit_resources_prbt_ikfast_manipulator_plugin/lib:/home/p/ws_moveit2/install/moveit_planners_chomp/lib:/home/p/ws_moveit2/install/moveit_kinematics/lib:/home/p/ws_moveit2/install/moveit_chomp_optimizer_adapter/lib:/home/p/ws_moveit2/install/chomp_motion_planner/lib:/home/p/ws_moveit2/install/moveit_core/lib:/home/p/ws_moveit2/install/srdfdom/lib:/home/p/ws_moveit2/install/rviz_marker_tools/lib:/home/p/ws_moveit2/install/rosparam_shortcuts/lib:/home/p/ws_moveit2/install/moveit_task_constructor_msgs/lib:/usr/lib/x86_64-linux-gnu/gazebo-11/plugins:/opt/ros/humble/opt/rviz_ogre_vendor/lib:/opt/ros/humble/lib/x86_64-linux-gnu:/opt/ros/humble/lib:/usr/share/gazebo/../../lib/x86_64-linux-gnu/gazebo-11/plugins PYTHONPATH=/home/p/ws_demo2/install/service_interfaces/local/lib/python3.10/dist-packages:${PYTHONPATH} /usr/local/bin/cmake --build /home/p/ws_demo2/build/ibvs -- -j16 -l16
[0.690s] DEBUG:colcon.colcon_core.event_handler.log_command:Invoking command in '/home/p/ws_demo2/build/movegroup': AMENT_PREFIX_PATH=/home/p/ws_demo2/install/service_interfaces:${AMENT_PREFIX_PATH} CMAKE_PREFIX_PATH=/home/p/ws_demo2/install/service_interfaces:/home/p/ws_moveit2/install/pilz_industrial_motion_planner_testutils:/home/p/ws_moveit2/install/moveit_runtime:/home/p/ws_moveit2/install/moveit2_tutorials:/home/p/ws_moveit2/install/moveit:/home/p/ws_moveit2/install/moveit_planners:/home/p/ws_moveit2/install/pilz_industrial_motion_planner:/home/p/ws_moveit2/install/moveit_visual_tools:/home/p/ws_moveit2/install/moveit_task_constructor_visualization:/home/p/ws_moveit2/install/moveit_task_constructor_demo:/home/p/ws_moveit2/install/moveit_task_constructor_capabilities:/home/p/ws_moveit2/install/moveit_task_constructor_core:/home/p/ws_moveit2/install/moveit_ros_control_interface:/home/p/ws_moveit2/install/moveit_plugins:/home/p/ws_moveit2/install/moveit_simple_controller_manager:/home/p/ws_moveit2/install/moveit_setup_assistant:/home/p/ws_moveit2/install/moveit_setup_srdf_plugins:/home/p/ws_moveit2/install/moveit_setup_core_plugins:/home/p/ws_moveit2/install/moveit_setup_controllers:/home/p/ws_moveit2/install/moveit_setup_app_plugins:/home/p/ws_moveit2/install/moveit_setup_framework:/home/p/ws_moveit2/install/moveit_servo:/home/p/ws_moveit2/install/moveit_ros:/home/p/ws_moveit2/install/moveit_ros_visualization:/home/p/ws_moveit2/install/moveit_hybrid_planning:/home/p/ws_moveit2/install/moveit_ros_planning_interface:/home/p/ws_moveit2/install/moveit_ros_benchmarks:/home/p/ws_moveit2/install/moveit_ros_warehouse:/home/p/ws_moveit2/install/moveit_ros_robot_interaction:/home/p/ws_moveit2/install/moveit_ros_perception:/home/p/ws_moveit2/install/moveit_resources_prbt_pg70_support:/home/p/ws_moveit2/install/moveit_resources_prbt_moveit_config:/home/p/ws_moveit2/install/moveit_ros_move_group:/home/p/ws_moveit2/install/moveit_planners_ompl:/home/p/ws_moveit2/install/moveit_ros_planning:/home/p/ws_moveit2/install/moveit_ros_occupancy_map_monitor:/home/p/ws_moveit2/install/moveit_resources_prbt_ikfast_manipulator_plugin:/home/p/ws_moveit2/install/moveit_planners_chomp:/home/p/ws_moveit2/install/moveit_kinematics:/home/p/ws_moveit2/install/moveit_chomp_optimizer_adapter:/home/p/ws_moveit2/install/chomp_motion_planner:/home/p/ws_moveit2/install/moveit_core:/home/p/ws_moveit2/install/srdfdom:/home/p/ws_moveit2/install/rviz_marker_tools:/home/p/ws_moveit2/install/rosparam_shortcuts:/home/p/ws_moveit2/install/moveit_task_constructor_msgs:/home/p/ws_moveit2/install/moveit_resources_prbt_support:/home/p/ws_moveit2/install/moveit_resources:/home/p/ws_moveit2/install/moveit_resources_pr2_description:/home/p/ws_moveit2/install/moveit_resources_panda_moveit_config:/home/p/ws_moveit2/install/moveit_resources_panda_description:/home/p/ws_moveit2/install/moveit_resources_fanuc_moveit_config:/home/p/ws_moveit2/install/moveit_resources_fanuc_description:/home/p/ws_moveit2/install/moveit_common:/home/p/ws_demo1/install/ibvs_test:/home/p/demo_ws2/install/ur20_moveit_config:/home/p/demo_ws2/install/ur20_description:/home/p/demo_ws2/install/robotiq_description:/home/p/ws_moveit2/install/moveit_configs_utils:/home/p/ws_moveit2/install/launch_param_builder:/home/p/demo_ws2/install/ur20_joint_control:/home/p/demo_ws2/install/arm_joint_control:/opt/ros/humble LD_LIBRARY_PATH=/home/p/ws_demo2/install/service_interfaces/lib:/home/p/TensorRT_ws/TensorRT-8.6.1.6/lib:/usr/local/cuda-11.8/lib64:/home/p/ws_moveit2/install/pilz_industrial_motion_planner_testutils/lib:/home/p/ws_moveit2/install/pilz_industrial_motion_planner/lib:/home/p/ws_moveit2/install/moveit_visual_tools/lib:/home/p/ws_moveit2/install/moveit_task_constructor_visualization/lib:/home/p/ws_moveit2/install/moveit_task_constructor_demo/lib:/home/p/ws_moveit2/install/moveit_task_constructor_capabilities/lib:/home/p/ws_moveit2/install/moveit_task_constructor_core/lib:/home/p/ws_moveit2/install/moveit_ros_control_interface/lib:/home/p/ws_moveit2/install/moveit_simple_controller_manager/lib:/home/p/ws_moveit2/install/moveit_setup_assistant/lib:/home/p/ws_moveit2/install/moveit_setup_srdf_plugins/lib:/home/p/ws_moveit2/install/moveit_setup_core_plugins/lib:/home/p/ws_moveit2/install/moveit_setup_controllers/lib:/home/p/ws_moveit2/install/moveit_setup_app_plugins/lib:/home/p/ws_moveit2/install/moveit_setup_framework/lib:/home/p/ws_moveit2/install/moveit_servo/lib:/home/p/ws_moveit2/install/moveit_ros_visualization/lib:/home/p/ws_moveit2/install/moveit_hybrid_planning/lib:/home/p/ws_moveit2/install/moveit_ros_planning_interface/lib:/home/p/ws_moveit2/install/moveit_ros_benchmarks/lib:/home/p/ws_moveit2/install/moveit_ros_warehouse/lib:/home/p/ws_moveit2/install/moveit_ros_robot_interaction/lib:/home/p/ws_moveit2/install/moveit_ros_perception/lib:/home/p/ws_moveit2/install/moveit_ros_move_group/lib:/home/p/ws_moveit2/install/moveit_planners_ompl/lib:/home/p/ws_moveit2/install/moveit_ros_planning/lib:/home/p/ws_moveit2/install/moveit_ros_occupancy_map_monitor/lib:/home/p/ws_moveit2/install/moveit_resources_prbt_ikfast_manipulator_plugin/lib:/home/p/ws_moveit2/install/moveit_planners_chomp/lib:/home/p/ws_moveit2/install/moveit_kinematics/lib:/home/p/ws_moveit2/install/moveit_chomp_optimizer_adapter/lib:/home/p/ws_moveit2/install/chomp_motion_planner/lib:/home/p/ws_moveit2/install/moveit_core/lib:/home/p/ws_moveit2/install/srdfdom/lib:/home/p/ws_moveit2/install/rviz_marker_tools/lib:/home/p/ws_moveit2/install/rosparam_shortcuts/lib:/home/p/ws_moveit2/install/moveit_task_constructor_msgs/lib:/usr/lib/x86_64-linux-gnu/gazebo-11/plugins:/opt/ros/humble/opt/rviz_ogre_vendor/lib:/opt/ros/humble/lib/x86_64-linux-gnu:/opt/ros/humble/lib:/usr/share/gazebo/../../lib/x86_64-linux-gnu/gazebo-11/plugins PYTHONPATH=/home/p/ws_demo2/install/service_interfaces/local/lib/python3.10/dist-packages:${PYTHONPATH} /usr/local/bin/cmake --build /home/p/ws_demo2/build/movegroup -- -j16 -l16
[0.722s] DEBUG:colcon.colcon_core.event_handler.log_command:Invoked command in '/home/p/ws_demo2/build/ibvs' returned '0': AMENT_PREFIX_PATH=/home/p/ws_demo2/install/service_interfaces:${AMENT_PREFIX_PATH} CMAKE_PREFIX_PATH=/home/p/ws_demo2/install/service_interfaces:/home/p/ws_moveit2/install/pilz_industrial_motion_planner_testutils:/home/p/ws_moveit2/install/moveit_runtime:/home/p/ws_moveit2/install/moveit2_tutorials:/home/p/ws_moveit2/install/moveit:/home/p/ws_moveit2/install/moveit_planners:/home/p/ws_moveit2/install/pilz_industrial_motion_planner:/home/p/ws_moveit2/install/moveit_visual_tools:/home/p/ws_moveit2/install/moveit_task_constructor_visualization:/home/p/ws_moveit2/install/moveit_task_constructor_demo:/home/p/ws_moveit2/install/moveit_task_constructor_capabilities:/home/p/ws_moveit2/install/moveit_task_constructor_core:/home/p/ws_moveit2/install/moveit_ros_control_interface:/home/p/ws_moveit2/install/moveit_plugins:/home/p/ws_moveit2/install/moveit_simple_controller_manager:/home/p/ws_moveit2/install/moveit_setup_assistant:/home/p/ws_moveit2/install/moveit_setup_srdf_plugins:/home/p/ws_moveit2/install/moveit_setup_core_plugins:/home/p/ws_moveit2/install/moveit_setup_controllers:/home/p/ws_moveit2/install/moveit_setup_app_plugins:/home/p/ws_moveit2/install/moveit_setup_framework:/home/p/ws_moveit2/install/moveit_servo:/home/p/ws_moveit2/install/moveit_ros:/home/p/ws_moveit2/install/moveit_ros_visualization:/home/p/ws_moveit2/install/moveit_hybrid_planning:/home/p/ws_moveit2/install/moveit_ros_planning_interface:/home/p/ws_moveit2/install/moveit_ros_benchmarks:/home/p/ws_moveit2/install/moveit_ros_warehouse:/home/p/ws_moveit2/install/moveit_ros_robot_interaction:/home/p/ws_moveit2/install/moveit_ros_perception:/home/p/ws_moveit2/install/moveit_resources_prbt_pg70_support:/home/p/ws_moveit2/install/moveit_resources_prbt_moveit_config:/home/p/ws_moveit2/install/moveit_ros_move_group:/home/p/ws_moveit2/install/moveit_planners_ompl:/home/p/ws_moveit2/install/moveit_ros_planning:/home/p/ws_moveit2/install/moveit_ros_occupancy_map_monitor:/home/p/ws_moveit2/install/moveit_resources_prbt_ikfast_manipulator_plugin:/home/p/ws_moveit2/install/moveit_planners_chomp:/home/p/ws_moveit2/install/moveit_kinematics:/home/p/ws_moveit2/install/moveit_chomp_optimizer_adapter:/home/p/ws_moveit2/install/chomp_motion_planner:/home/p/ws_moveit2/install/moveit_core:/home/p/ws_moveit2/install/srdfdom:/home/p/ws_moveit2/install/rviz_marker_tools:/home/p/ws_moveit2/install/rosparam_shortcuts:/home/p/ws_moveit2/install/moveit_task_constructor_msgs:/home/p/ws_moveit2/install/moveit_resources_prbt_support:/home/p/ws_moveit2/install/moveit_resources:/home/p/ws_moveit2/install/moveit_resources_pr2_description:/home/p/ws_moveit2/install/moveit_resources_panda_moveit_config:/home/p/ws_moveit2/install/moveit_resources_panda_description:/home/p/ws_moveit2/install/moveit_resources_fanuc_moveit_config:/home/p/ws_moveit2/install/moveit_resources_fanuc_description:/home/p/ws_moveit2/install/moveit_common:/home/p/ws_demo1/install/ibvs_test:/home/p/demo_ws2/install/ur20_moveit_config:/home/p/demo_ws2/install/ur20_description:/home/p/demo_ws2/install/robotiq_description:/home/p/ws_moveit2/install/moveit_configs_utils:/home/p/ws_moveit2/install/launch_param_builder:/home/p/demo_ws2/install/ur20_joint_control:/home/p/demo_ws2/install/arm_joint_control:/opt/ros/humble LD_LIBRARY_PATH=/home/p/ws_demo2/install/service_interfaces/lib:/home/p/TensorRT_ws/TensorRT-8.6.1.6/lib:/usr/local/cuda-11.8/lib64:/home/p/ws_moveit2/install/pilz_industrial_motion_planner_testutils/lib:/home/p/ws_moveit2/install/pilz_industrial_motion_planner/lib:/home/p/ws_moveit2/install/moveit_visual_tools/lib:/home/p/ws_moveit2/install/moveit_task_constructor_visualization/lib:/home/p/ws_moveit2/install/moveit_task_constructor_demo/lib:/home/p/ws_moveit2/install/moveit_task_constructor_capabilities/lib:/home/p/ws_moveit2/install/moveit_task_constructor_core/lib:/home/p/ws_moveit2/install/moveit_ros_control_interface/lib:/home/p/ws_moveit2/install/moveit_simple_controller_manager/lib:/home/p/ws_moveit2/install/moveit_setup_assistant/lib:/home/p/ws_moveit2/install/moveit_setup_srdf_plugins/lib:/home/p/ws_moveit2/install/moveit_setup_core_plugins/lib:/home/p/ws_moveit2/install/moveit_setup_controllers/lib:/home/p/ws_moveit2/install/moveit_setup_app_plugins/lib:/home/p/ws_moveit2/install/moveit_setup_framework/lib:/home/p/ws_moveit2/install/moveit_servo/lib:/home/p/ws_moveit2/install/moveit_ros_visualization/lib:/home/p/ws_moveit2/install/moveit_hybrid_planning/lib:/home/p/ws_moveit2/install/moveit_ros_planning_interface/lib:/home/p/ws_moveit2/install/moveit_ros_benchmarks/lib:/home/p/ws_moveit2/install/moveit_ros_warehouse/lib:/home/p/ws_moveit2/install/moveit_ros_robot_interaction/lib:/home/p/ws_moveit2/install/moveit_ros_perception/lib:/home/p/ws_moveit2/install/moveit_ros_move_group/lib:/home/p/ws_moveit2/install/moveit_planners_ompl/lib:/home/p/ws_moveit2/install/moveit_ros_planning/lib:/home/p/ws_moveit2/install/moveit_ros_occupancy_map_monitor/lib:/home/p/ws_moveit2/install/moveit_resources_prbt_ikfast_manipulator_plugin/lib:/home/p/ws_moveit2/install/moveit_planners_chomp/lib:/home/p/ws_moveit2/install/moveit_kinematics/lib:/home/p/ws_moveit2/install/moveit_chomp_optimizer_adapter/lib:/home/p/ws_moveit2/install/chomp_motion_planner/lib:/home/p/ws_moveit2/install/moveit_core/lib:/home/p/ws_moveit2/install/srdfdom/lib:/home/p/ws_moveit2/install/rviz_marker_tools/lib:/home/p/ws_moveit2/install/rosparam_shortcuts/lib:/home/p/ws_moveit2/install/moveit_task_constructor_msgs/lib:/usr/lib/x86_64-linux-gnu/gazebo-11/plugins:/opt/ros/humble/opt/rviz_ogre_vendor/lib:/opt/ros/humble/lib/x86_64-linux-gnu:/opt/ros/humble/lib:/usr/share/gazebo/../../lib/x86_64-linux-gnu/gazebo-11/plugins PYTHONPATH=/home/p/ws_demo2/install/service_interfaces/local/lib/python3.10/dist-packages:${PYTHONPATH} /usr/local/bin/cmake --build /home/p/ws_demo2/build/ibvs -- -j16 -l16
[0.724s] DEBUG:colcon.colcon_core.event_handler.log_command:Invoking command in '/home/p/ws_demo2/build/ibvs': AMENT_PREFIX_PATH=/home/p/ws_demo2/install/service_interfaces:${AMENT_PREFIX_PATH} CMAKE_PREFIX_PATH=/home/p/ws_demo2/install/service_interfaces:/home/p/ws_moveit2/install/pilz_industrial_motion_planner_testutils:/home/p/ws_moveit2/install/moveit_runtime:/home/p/ws_moveit2/install/moveit2_tutorials:/home/p/ws_moveit2/install/moveit:/home/p/ws_moveit2/install/moveit_planners:/home/p/ws_moveit2/install/pilz_industrial_motion_planner:/home/p/ws_moveit2/install/moveit_visual_tools:/home/p/ws_moveit2/install/moveit_task_constructor_visualization:/home/p/ws_moveit2/install/moveit_task_constructor_demo:/home/p/ws_moveit2/install/moveit_task_constructor_capabilities:/home/p/ws_moveit2/install/moveit_task_constructor_core:/home/p/ws_moveit2/install/moveit_ros_control_interface:/home/p/ws_moveit2/install/moveit_plugins:/home/p/ws_moveit2/install/moveit_simple_controller_manager:/home/p/ws_moveit2/install/moveit_setup_assistant:/home/p/ws_moveit2/install/moveit_setup_srdf_plugins:/home/p/ws_moveit2/install/moveit_setup_core_plugins:/home/p/ws_moveit2/install/moveit_setup_controllers:/home/p/ws_moveit2/install/moveit_setup_app_plugins:/home/p/ws_moveit2/install/moveit_setup_framework:/home/p/ws_moveit2/install/moveit_servo:/home/p/ws_moveit2/install/moveit_ros:/home/p/ws_moveit2/install/moveit_ros_visualization:/home/p/ws_moveit2/install/moveit_hybrid_planning:/home/p/ws_moveit2/install/moveit_ros_planning_interface:/home/p/ws_moveit2/install/moveit_ros_benchmarks:/home/p/ws_moveit2/install/moveit_ros_warehouse:/home/p/ws_moveit2/install/moveit_ros_robot_interaction:/home/p/ws_moveit2/install/moveit_ros_perception:/home/p/ws_moveit2/install/moveit_resources_prbt_pg70_support:/home/p/ws_moveit2/install/moveit_resources_prbt_moveit_config:/home/p/ws_moveit2/install/moveit_ros_move_group:/home/p/ws_moveit2/install/moveit_planners_ompl:/home/p/ws_moveit2/install/moveit_ros_planning:/home/p/ws_moveit2/install/moveit_ros_occupancy_map_monitor:/home/p/ws_moveit2/install/moveit_resources_prbt_ikfast_manipulator_plugin:/home/p/ws_moveit2/install/moveit_planners_chomp:/home/p/ws_moveit2/install/moveit_kinematics:/home/p/ws_moveit2/install/moveit_chomp_optimizer_adapter:/home/p/ws_moveit2/install/chomp_motion_planner:/home/p/ws_moveit2/install/moveit_core:/home/p/ws_moveit2/install/srdfdom:/home/p/ws_moveit2/install/rviz_marker_tools:/home/p/ws_moveit2/install/rosparam_shortcuts:/home/p/ws_moveit2/install/moveit_task_constructor_msgs:/home/p/ws_moveit2/install/moveit_resources_prbt_support:/home/p/ws_moveit2/install/moveit_resources:/home/p/ws_moveit2/install/moveit_resources_pr2_description:/home/p/ws_moveit2/install/moveit_resources_panda_moveit_config:/home/p/ws_moveit2/install/moveit_resources_panda_description:/home/p/ws_moveit2/install/moveit_resources_fanuc_moveit_config:/home/p/ws_moveit2/install/moveit_resources_fanuc_description:/home/p/ws_moveit2/install/moveit_common:/home/p/ws_demo1/install/ibvs_test:/home/p/demo_ws2/install/ur20_moveit_config:/home/p/demo_ws2/install/ur20_description:/home/p/demo_ws2/install/robotiq_description:/home/p/ws_moveit2/install/moveit_configs_utils:/home/p/ws_moveit2/install/launch_param_builder:/home/p/demo_ws2/install/ur20_joint_control:/home/p/demo_ws2/install/arm_joint_control:/opt/ros/humble LD_LIBRARY_PATH=/home/p/ws_demo2/install/service_interfaces/lib:/home/p/TensorRT_ws/TensorRT-8.6.1.6/lib:/usr/local/cuda-11.8/lib64:/home/p/ws_moveit2/install/pilz_industrial_motion_planner_testutils/lib:/home/p/ws_moveit2/install/pilz_industrial_motion_planner/lib:/home/p/ws_moveit2/install/moveit_visual_tools/lib:/home/p/ws_moveit2/install/moveit_task_constructor_visualization/lib:/home/p/ws_moveit2/install/moveit_task_constructor_demo/lib:/home/p/ws_moveit2/install/moveit_task_constructor_capabilities/lib:/home/p/ws_moveit2/install/moveit_task_constructor_core/lib:/home/p/ws_moveit2/install/moveit_ros_control_interface/lib:/home/p/ws_moveit2/install/moveit_simple_controller_manager/lib:/home/p/ws_moveit2/install/moveit_setup_assistant/lib:/home/p/ws_moveit2/install/moveit_setup_srdf_plugins/lib:/home/p/ws_moveit2/install/moveit_setup_core_plugins/lib:/home/p/ws_moveit2/install/moveit_setup_controllers/lib:/home/p/ws_moveit2/install/moveit_setup_app_plugins/lib:/home/p/ws_moveit2/install/moveit_setup_framework/lib:/home/p/ws_moveit2/install/moveit_servo/lib:/home/p/ws_moveit2/install/moveit_ros_visualization/lib:/home/p/ws_moveit2/install/moveit_hybrid_planning/lib:/home/p/ws_moveit2/install/moveit_ros_planning_interface/lib:/home/p/ws_moveit2/install/moveit_ros_benchmarks/lib:/home/p/ws_moveit2/install/moveit_ros_warehouse/lib:/home/p/ws_moveit2/install/moveit_ros_robot_interaction/lib:/home/p/ws_moveit2/install/moveit_ros_perception/lib:/home/p/ws_moveit2/install/moveit_ros_move_group/lib:/home/p/ws_moveit2/install/moveit_planners_ompl/lib:/home/p/ws_moveit2/install/moveit_ros_planning/lib:/home/p/ws_moveit2/install/moveit_ros_occupancy_map_monitor/lib:/home/p/ws_moveit2/install/moveit_resources_prbt_ikfast_manipulator_plugin/lib:/home/p/ws_moveit2/install/moveit_planners_chomp/lib:/home/p/ws_moveit2/install/moveit_kinematics/lib:/home/p/ws_moveit2/install/moveit_chomp_optimizer_adapter/lib:/home/p/ws_moveit2/install/chomp_motion_planner/lib:/home/p/ws_moveit2/install/moveit_core/lib:/home/p/ws_moveit2/install/srdfdom/lib:/home/p/ws_moveit2/install/rviz_marker_tools/lib:/home/p/ws_moveit2/install/rosparam_shortcuts/lib:/home/p/ws_moveit2/install/moveit_task_constructor_msgs/lib:/usr/lib/x86_64-linux-gnu/gazebo-11/plugins:/opt/ros/humble/opt/rviz_ogre_vendor/lib:/opt/ros/humble/lib/x86_64-linux-gnu:/opt/ros/humble/lib:/usr/share/gazebo/../../lib/x86_64-linux-gnu/gazebo-11/plugins PYTHONPATH=/home/p/ws_demo2/install/service_interfaces/local/lib/python3.10/dist-packages:${PYTHONPATH} /usr/local/bin/cmake --install /home/p/ws_demo2/build/ibvs
[0.727s] Level 1:colcon.colcon_core.environment:create_environment_scripts_only(ibvs)
[0.727s] Level 1:colcon.colcon_core.environment:checking '/home/p/ws_demo2/install/ibvs' for CMake module files
[0.727s] DEBUG:colcon.colcon_core.event_handler.log_command:Invoked command in '/home/p/ws_demo2/build/ibvs' returned '0': AMENT_PREFIX_PATH=/home/p/ws_demo2/install/service_interfaces:${AMENT_PREFIX_PATH} CMAKE_PREFIX_PATH=/home/p/ws_demo2/install/service_interfaces:/home/p/ws_moveit2/install/pilz_industrial_motion_planner_testutils:/home/p/ws_moveit2/install/moveit_runtime:/home/p/ws_moveit2/install/moveit2_tutorials:/home/p/ws_moveit2/install/moveit:/home/p/ws_moveit2/install/moveit_planners:/home/p/ws_moveit2/install/pilz_industrial_motion_planner:/home/p/ws_moveit2/install/moveit_visual_tools:/home/p/ws_moveit2/install/moveit_task_constructor_visualization:/home/p/ws_moveit2/install/moveit_task_constructor_demo:/home/p/ws_moveit2/install/moveit_task_constructor_capabilities:/home/p/ws_moveit2/install/moveit_task_constructor_core:/home/p/ws_moveit2/install/moveit_ros_control_interface:/home/p/ws_moveit2/install/moveit_plugins:/home/p/ws_moveit2/install/moveit_simple_controller_manager:/home/p/ws_moveit2/install/moveit_setup_assistant:/home/p/ws_moveit2/install/moveit_setup_srdf_plugins:/home/p/ws_moveit2/install/moveit_setup_core_plugins:/home/p/ws_moveit2/install/moveit_setup_controllers:/home/p/ws_moveit2/install/moveit_setup_app_plugins:/home/p/ws_moveit2/install/moveit_setup_framework:/home/p/ws_moveit2/install/moveit_servo:/home/p/ws_moveit2/install/moveit_ros:/home/p/ws_moveit2/install/moveit_ros_visualization:/home/p/ws_moveit2/install/moveit_hybrid_planning:/home/p/ws_moveit2/install/moveit_ros_planning_interface:/home/p/ws_moveit2/install/moveit_ros_benchmarks:/home/p/ws_moveit2/install/moveit_ros_warehouse:/home/p/ws_moveit2/install/moveit_ros_robot_interaction:/home/p/ws_moveit2/install/moveit_ros_perception:/home/p/ws_moveit2/install/moveit_resources_prbt_pg70_support:/home/p/ws_moveit2/install/moveit_resources_prbt_moveit_config:/home/p/ws_moveit2/install/moveit_ros_move_group:/home/p/ws_moveit2/install/moveit_planners_ompl:/home/p/ws_moveit2/install/moveit_ros_planning:/home/p/ws_moveit2/install/moveit_ros_occupancy_map_monitor:/home/p/ws_moveit2/install/moveit_resources_prbt_ikfast_manipulator_plugin:/home/p/ws_moveit2/install/moveit_planners_chomp:/home/p/ws_moveit2/install/moveit_kinematics:/home/p/ws_moveit2/install/moveit_chomp_optimizer_adapter:/home/p/ws_moveit2/install/chomp_motion_planner:/home/p/ws_moveit2/install/moveit_core:/home/p/ws_moveit2/install/srdfdom:/home/p/ws_moveit2/install/rviz_marker_tools:/home/p/ws_moveit2/install/rosparam_shortcuts:/home/p/ws_moveit2/install/moveit_task_constructor_msgs:/home/p/ws_moveit2/install/moveit_resources_prbt_support:/home/p/ws_moveit2/install/moveit_resources:/home/p/ws_moveit2/install/moveit_resources_pr2_description:/home/p/ws_moveit2/install/moveit_resources_panda_moveit_config:/home/p/ws_moveit2/install/moveit_resources_panda_description:/home/p/ws_moveit2/install/moveit_resources_fanuc_moveit_config:/home/p/ws_moveit2/install/moveit_resources_fanuc_description:/home/p/ws_moveit2/install/moveit_common:/home/p/ws_demo1/install/ibvs_test:/home/p/demo_ws2/install/ur20_moveit_config:/home/p/demo_ws2/install/ur20_description:/home/p/demo_ws2/install/robotiq_description:/home/p/ws_moveit2/install/moveit_configs_utils:/home/p/ws_moveit2/install/launch_param_builder:/home/p/demo_ws2/install/ur20_joint_control:/home/p/demo_ws2/install/arm_joint_control:/opt/ros/humble LD_LIBRARY_PATH=/home/p/ws_demo2/install/service_interfaces/lib:/home/p/TensorRT_ws/TensorRT-8.6.1.6/lib:/usr/local/cuda-11.8/lib64:/home/p/ws_moveit2/install/pilz_industrial_motion_planner_testutils/lib:/home/p/ws_moveit2/install/pilz_industrial_motion_planner/lib:/home/p/ws_moveit2/install/moveit_visual_tools/lib:/home/p/ws_moveit2/install/moveit_task_constructor_visualization/lib:/home/p/ws_moveit2/install/moveit_task_constructor_demo/lib:/home/p/ws_moveit2/install/moveit_task_constructor_capabilities/lib:/home/p/ws_moveit2/install/moveit_task_constructor_core/lib:/home/p/ws_moveit2/install/moveit_ros_control_interface/lib:/home/p/ws_moveit2/install/moveit_simple_controller_manager/lib:/home/p/ws_moveit2/install/moveit_setup_assistant/lib:/home/p/ws_moveit2/install/moveit_setup_srdf_plugins/lib:/home/p/ws_moveit2/install/moveit_setup_core_plugins/lib:/home/p/ws_moveit2/install/moveit_setup_controllers/lib:/home/p/ws_moveit2/install/moveit_setup_app_plugins/lib:/home/p/ws_moveit2/install/moveit_setup_framework/lib:/home/p/ws_moveit2/install/moveit_servo/lib:/home/p/ws_moveit2/install/moveit_ros_visualization/lib:/home/p/ws_moveit2/install/moveit_hybrid_planning/lib:/home/p/ws_moveit2/install/moveit_ros_planning_interface/lib:/home/p/ws_moveit2/install/moveit_ros_benchmarks/lib:/home/p/ws_moveit2/install/moveit_ros_warehouse/lib:/home/p/ws_moveit2/install/moveit_ros_robot_interaction/lib:/home/p/ws_moveit2/install/moveit_ros_perception/lib:/home/p/ws_moveit2/install/moveit_ros_move_group/lib:/home/p/ws_moveit2/install/moveit_planners_ompl/lib:/home/p/ws_moveit2/install/moveit_ros_planning/lib:/home/p/ws_moveit2/install/moveit_ros_occupancy_map_monitor/lib:/home/p/ws_moveit2/install/moveit_resources_prbt_ikfast_manipulator_plugin/lib:/home/p/ws_moveit2/install/moveit_planners_chomp/lib:/home/p/ws_moveit2/install/moveit_kinematics/lib:/home/p/ws_moveit2/install/moveit_chomp_optimizer_adapter/lib:/home/p/ws_moveit2/install/chomp_motion_planner/lib:/home/p/ws_moveit2/install/moveit_core/lib:/home/p/ws_moveit2/install/srdfdom/lib:/home/p/ws_moveit2/install/rviz_marker_tools/lib:/home/p/ws_moveit2/install/rosparam_shortcuts/lib:/home/p/ws_moveit2/install/moveit_task_constructor_msgs/lib:/usr/lib/x86_64-linux-gnu/gazebo-11/plugins:/opt/ros/humble/opt/rviz_ogre_vendor/lib:/opt/ros/humble/lib/x86_64-linux-gnu:/opt/ros/humble/lib:/usr/share/gazebo/../../lib/x86_64-linux-gnu/gazebo-11/plugins PYTHONPATH=/home/p/ws_demo2/install/service_interfaces/local/lib/python3.10/dist-packages:${PYTHONPATH} /usr/local/bin/cmake --install /home/p/ws_demo2/build/ibvs
[0.727s] Level 1:colcon.colcon_core.environment:checking '/home/p/ws_demo2/install/ibvs' for CMake config files
[0.728s] Level 1:colcon.colcon_core.shell:create_environment_hook('ibvs', 'cmake_prefix_path')
[0.728s] INFO:colcon.colcon_core.shell:Creating environment hook '/home/p/ws_demo2/install/ibvs/share/ibvs/hook/cmake_prefix_path.ps1'
[0.728s] INFO:colcon.colcon_core.shell:Creating environment descriptor '/home/p/ws_demo2/install/ibvs/share/ibvs/hook/cmake_prefix_path.dsv'
[0.728s] INFO:colcon.colcon_core.shell:Creating environment hook '/home/p/ws_demo2/install/ibvs/share/ibvs/hook/cmake_prefix_path.sh'
[0.729s] Level 1:colcon.colcon_core.environment:checking '/home/p/ws_demo2/install/ibvs/lib'
[0.729s] Level 1:colcon.colcon_core.environment:checking '/home/p/ws_demo2/install/ibvs/bin'
[0.729s] Level 1:colcon.colcon_core.environment:checking '/home/p/ws_demo2/install/ibvs/lib/pkgconfig/ibvs.pc'
[0.729s] Level 1:colcon.colcon_core.environment:checking '/home/p/ws_demo2/install/ibvs/lib/python3.10/site-packages'
[0.730s] Level 1:colcon.colcon_core.environment:checking '/home/p/ws_demo2/install/ibvs/bin'
[0.730s] INFO:colcon.colcon_core.shell:Creating package script '/home/p/ws_demo2/install/ibvs/share/ibvs/package.ps1'
[0.730s] INFO:colcon.colcon_core.shell:Creating package descriptor '/home/p/ws_demo2/install/ibvs/share/ibvs/package.dsv'
[0.731s] INFO:colcon.colcon_core.shell:Creating package script '/home/p/ws_demo2/install/ibvs/share/ibvs/package.sh'
[0.731s] INFO:colcon.colcon_core.shell:Creating package script '/home/p/ws_demo2/install/ibvs/share/ibvs/package.bash'
[0.732s] INFO:colcon.colcon_core.shell:Creating package script '/home/p/ws_demo2/install/ibvs/share/ibvs/package.zsh'
[0.732s] Level 1:colcon.colcon_core.environment:create_file_with_runtime_dependencies(/home/p/ws_demo2/install/ibvs/share/colcon-core/packages/ibvs)
[0.732s] Level 1:colcon.colcon_core.environment:create_environment_scripts_only(ibvs)
[0.732s] Level 1:colcon.colcon_core.environment:checking '/home/p/ws_demo2/install/ibvs' for CMake module files
[0.733s] Level 1:colcon.colcon_core.environment:checking '/home/p/ws_demo2/install/ibvs' for CMake config files
[0.733s] Level 1:colcon.colcon_core.shell:create_environment_hook('ibvs', 'cmake_prefix_path')
[0.733s] INFO:colcon.colcon_core.shell:Creating environment hook '/home/p/ws_demo2/install/ibvs/share/ibvs/hook/cmake_prefix_path.ps1'
[0.733s] INFO:colcon.colcon_core.shell:Creating environment descriptor '/home/p/ws_demo2/install/ibvs/share/ibvs/hook/cmake_prefix_path.dsv'
[0.734s] INFO:colcon.colcon_core.shell:Creating environment hook '/home/p/ws_demo2/install/ibvs/share/ibvs/hook/cmake_prefix_path.sh'
[0.734s] Level 1:colcon.colcon_core.environment:checking '/home/p/ws_demo2/install/ibvs/lib'
[0.734s] Level 1:colcon.colcon_core.environment:checking '/home/p/ws_demo2/install/ibvs/bin'
[0.734s] Level 1:colcon.colcon_core.environment:checking '/home/p/ws_demo2/install/ibvs/lib/pkgconfig/ibvs.pc'
[0.734s] Level 1:colcon.colcon_core.environment:checking '/home/p/ws_demo2/install/ibvs/lib/python3.10/site-packages'
[0.735s] Level 1:colcon.colcon_core.environment:checking '/home/p/ws_demo2/install/ibvs/bin'
[0.735s] INFO:colcon.colcon_core.shell:Creating package script '/home/p/ws_demo2/install/ibvs/share/ibvs/package.ps1'
[0.735s] INFO:colcon.colcon_core.shell:Creating package descriptor '/home/p/ws_demo2/install/ibvs/share/ibvs/package.dsv'
[0.736s] INFO:colcon.colcon_core.shell:Creating package script '/home/p/ws_demo2/install/ibvs/share/ibvs/package.sh'
[0.736s] INFO:colcon.colcon_core.shell:Creating package script '/home/p/ws_demo2/install/ibvs/share/ibvs/package.bash'
[0.736s] INFO:colcon.colcon_core.shell:Creating package script '/home/p/ws_demo2/install/ibvs/share/ibvs/package.zsh'
[0.737s] Level 1:colcon.colcon_core.environment:create_file_with_runtime_dependencies(/home/p/ws_demo2/install/ibvs/share/colcon-core/packages/ibvs)
[0.738s] DEBUG:colcon.colcon_core.event_handler.log_command:Invoked command in '/home/p/ws_demo2/build/movegroup' returned '0': AMENT_PREFIX_PATH=/home/p/ws_demo2/install/service_interfaces:${AMENT_PREFIX_PATH} CMAKE_PREFIX_PATH=/home/p/ws_demo2/install/service_interfaces:/home/p/ws_moveit2/install/pilz_industrial_motion_planner_testutils:/home/p/ws_moveit2/install/moveit_runtime:/home/p/ws_moveit2/install/moveit2_tutorials:/home/p/ws_moveit2/install/moveit:/home/p/ws_moveit2/install/moveit_planners:/home/p/ws_moveit2/install/pilz_industrial_motion_planner:/home/p/ws_moveit2/install/moveit_visual_tools:/home/p/ws_moveit2/install/moveit_task_constructor_visualization:/home/p/ws_moveit2/install/moveit_task_constructor_demo:/home/p/ws_moveit2/install/moveit_task_constructor_capabilities:/home/p/ws_moveit2/install/moveit_task_constructor_core:/home/p/ws_moveit2/install/moveit_ros_control_interface:/home/p/ws_moveit2/install/moveit_plugins:/home/p/ws_moveit2/install/moveit_simple_controller_manager:/home/p/ws_moveit2/install/moveit_setup_assistant:/home/p/ws_moveit2/install/moveit_setup_srdf_plugins:/home/p/ws_moveit2/install/moveit_setup_core_plugins:/home/p/ws_moveit2/install/moveit_setup_controllers:/home/p/ws_moveit2/install/moveit_setup_app_plugins:/home/p/ws_moveit2/install/moveit_setup_framework:/home/p/ws_moveit2/install/moveit_servo:/home/p/ws_moveit2/install/moveit_ros:/home/p/ws_moveit2/install/moveit_ros_visualization:/home/p/ws_moveit2/install/moveit_hybrid_planning:/home/p/ws_moveit2/install/moveit_ros_planning_interface:/home/p/ws_moveit2/install/moveit_ros_benchmarks:/home/p/ws_moveit2/install/moveit_ros_warehouse:/home/p/ws_moveit2/install/moveit_ros_robot_interaction:/home/p/ws_moveit2/install/moveit_ros_perception:/home/p/ws_moveit2/install/moveit_resources_prbt_pg70_support:/home/p/ws_moveit2/install/moveit_resources_prbt_moveit_config:/home/p/ws_moveit2/install/moveit_ros_move_group:/home/p/ws_moveit2/install/moveit_planners_ompl:/home/p/ws_moveit2/install/moveit_ros_planning:/home/p/ws_moveit2/install/moveit_ros_occupancy_map_monitor:/home/p/ws_moveit2/install/moveit_resources_prbt_ikfast_manipulator_plugin:/home/p/ws_moveit2/install/moveit_planners_chomp:/home/p/ws_moveit2/install/moveit_kinematics:/home/p/ws_moveit2/install/moveit_chomp_optimizer_adapter:/home/p/ws_moveit2/install/chomp_motion_planner:/home/p/ws_moveit2/install/moveit_core:/home/p/ws_moveit2/install/srdfdom:/home/p/ws_moveit2/install/rviz_marker_tools:/home/p/ws_moveit2/install/rosparam_shortcuts:/home/p/ws_moveit2/install/moveit_task_constructor_msgs:/home/p/ws_moveit2/install/moveit_resources_prbt_support:/home/p/ws_moveit2/install/moveit_resources:/home/p/ws_moveit2/install/moveit_resources_pr2_description:/home/p/ws_moveit2/install/moveit_resources_panda_moveit_config:/home/p/ws_moveit2/install/moveit_resources_panda_description:/home/p/ws_moveit2/install/moveit_resources_fanuc_moveit_config:/home/p/ws_moveit2/install/moveit_resources_fanuc_description:/home/p/ws_moveit2/install/moveit_common:/home/p/ws_demo1/install/ibvs_test:/home/p/demo_ws2/install/ur20_moveit_config:/home/p/demo_ws2/install/ur20_description:/home/p/demo_ws2/install/robotiq_description:/home/p/ws_moveit2/install/moveit_configs_utils:/home/p/ws_moveit2/install/launch_param_builder:/home/p/demo_ws2/install/ur20_joint_control:/home/p/demo_ws2/install/arm_joint_control:/opt/ros/humble LD_LIBRARY_PATH=/home/p/ws_demo2/install/service_interfaces/lib:/home/p/TensorRT_ws/TensorRT-8.6.1.6/lib:/usr/local/cuda-11.8/lib64:/home/p/ws_moveit2/install/pilz_industrial_motion_planner_testutils/lib:/home/p/ws_moveit2/install/pilz_industrial_motion_planner/lib:/home/p/ws_moveit2/install/moveit_visual_tools/lib:/home/p/ws_moveit2/install/moveit_task_constructor_visualization/lib:/home/p/ws_moveit2/install/moveit_task_constructor_demo/lib:/home/p/ws_moveit2/install/moveit_task_constructor_capabilities/lib:/home/p/ws_moveit2/install/moveit_task_constructor_core/lib:/home/p/ws_moveit2/install/moveit_ros_control_interface/lib:/home/p/ws_moveit2/install/moveit_simple_controller_manager/lib:/home/p/ws_moveit2/install/moveit_setup_assistant/lib:/home/p/ws_moveit2/install/moveit_setup_srdf_plugins/lib:/home/p/ws_moveit2/install/moveit_setup_core_plugins/lib:/home/p/ws_moveit2/install/moveit_setup_controllers/lib:/home/p/ws_moveit2/install/moveit_setup_app_plugins/lib:/home/p/ws_moveit2/install/moveit_setup_framework/lib:/home/p/ws_moveit2/install/moveit_servo/lib:/home/p/ws_moveit2/install/moveit_ros_visualization/lib:/home/p/ws_moveit2/install/moveit_hybrid_planning/lib:/home/p/ws_moveit2/install/moveit_ros_planning_interface/lib:/home/p/ws_moveit2/install/moveit_ros_benchmarks/lib:/home/p/ws_moveit2/install/moveit_ros_warehouse/lib:/home/p/ws_moveit2/install/moveit_ros_robot_interaction/lib:/home/p/ws_moveit2/install/moveit_ros_perception/lib:/home/p/ws_moveit2/install/moveit_ros_move_group/lib:/home/p/ws_moveit2/install/moveit_planners_ompl/lib:/home/p/ws_moveit2/install/moveit_ros_planning/lib:/home/p/ws_moveit2/install/moveit_ros_occupancy_map_monitor/lib:/home/p/ws_moveit2/install/moveit_resources_prbt_ikfast_manipulator_plugin/lib:/home/p/ws_moveit2/install/moveit_planners_chomp/lib:/home/p/ws_moveit2/install/moveit_kinematics/lib:/home/p/ws_moveit2/install/moveit_chomp_optimizer_adapter/lib:/home/p/ws_moveit2/install/chomp_motion_planner/lib:/home/p/ws_moveit2/install/moveit_core/lib:/home/p/ws_moveit2/install/srdfdom/lib:/home/p/ws_moveit2/install/rviz_marker_tools/lib:/home/p/ws_moveit2/install/rosparam_shortcuts/lib:/home/p/ws_moveit2/install/moveit_task_constructor_msgs/lib:/usr/lib/x86_64-linux-gnu/gazebo-11/plugins:/opt/ros/humble/opt/rviz_ogre_vendor/lib:/opt/ros/humble/lib/x86_64-linux-gnu:/opt/ros/humble/lib:/usr/share/gazebo/../../lib/x86_64-linux-gnu/gazebo-11/plugins PYTHONPATH=/home/p/ws_demo2/install/service_interfaces/local/lib/python3.10/dist-packages:${PYTHONPATH} /usr/local/bin/cmake --build /home/p/ws_demo2/build/movegroup -- -j16 -l16
[0.740s] DEBUG:colcon.colcon_core.event_handler.log_command:Invoking command in '/home/p/ws_demo2/build/movegroup': AMENT_PREFIX_PATH=/home/p/ws_demo2/install/service_interfaces:${AMENT_PREFIX_PATH} CMAKE_PREFIX_PATH=/home/p/ws_demo2/install/service_interfaces:/home/p/ws_moveit2/install/pilz_industrial_motion_planner_testutils:/home/p/ws_moveit2/install/moveit_runtime:/home/p/ws_moveit2/install/moveit2_tutorials:/home/p/ws_moveit2/install/moveit:/home/p/ws_moveit2/install/moveit_planners:/home/p/ws_moveit2/install/pilz_industrial_motion_planner:/home/p/ws_moveit2/install/moveit_visual_tools:/home/p/ws_moveit2/install/moveit_task_constructor_visualization:/home/p/ws_moveit2/install/moveit_task_constructor_demo:/home/p/ws_moveit2/install/moveit_task_constructor_capabilities:/home/p/ws_moveit2/install/moveit_task_constructor_core:/home/p/ws_moveit2/install/moveit_ros_control_interface:/home/p/ws_moveit2/install/moveit_plugins:/home/p/ws_moveit2/install/moveit_simple_controller_manager:/home/p/ws_moveit2/install/moveit_setup_assistant:/home/p/ws_moveit2/install/moveit_setup_srdf_plugins:/home/p/ws_moveit2/install/moveit_setup_core_plugins:/home/p/ws_moveit2/install/moveit_setup_controllers:/home/p/ws_moveit2/install/moveit_setup_app_plugins:/home/p/ws_moveit2/install/moveit_setup_framework:/home/p/ws_moveit2/install/moveit_servo:/home/p/ws_moveit2/install/moveit_ros:/home/p/ws_moveit2/install/moveit_ros_visualization:/home/p/ws_moveit2/install/moveit_hybrid_planning:/home/p/ws_moveit2/install/moveit_ros_planning_interface:/home/p/ws_moveit2/install/moveit_ros_benchmarks:/home/p/ws_moveit2/install/moveit_ros_warehouse:/home/p/ws_moveit2/install/moveit_ros_robot_interaction:/home/p/ws_moveit2/install/moveit_ros_perception:/home/p/ws_moveit2/install/moveit_resources_prbt_pg70_support:/home/p/ws_moveit2/install/moveit_resources_prbt_moveit_config:/home/p/ws_moveit2/install/moveit_ros_move_group:/home/p/ws_moveit2/install/moveit_planners_ompl:/home/p/ws_moveit2/install/moveit_ros_planning:/home/p/ws_moveit2/install/moveit_ros_occupancy_map_monitor:/home/p/ws_moveit2/install/moveit_resources_prbt_ikfast_manipulator_plugin:/home/p/ws_moveit2/install/moveit_planners_chomp:/home/p/ws_moveit2/install/moveit_kinematics:/home/p/ws_moveit2/install/moveit_chomp_optimizer_adapter:/home/p/ws_moveit2/install/chomp_motion_planner:/home/p/ws_moveit2/install/moveit_core:/home/p/ws_moveit2/install/srdfdom:/home/p/ws_moveit2/install/rviz_marker_tools:/home/p/ws_moveit2/install/rosparam_shortcuts:/home/p/ws_moveit2/install/moveit_task_constructor_msgs:/home/p/ws_moveit2/install/moveit_resources_prbt_support:/home/p/ws_moveit2/install/moveit_resources:/home/p/ws_moveit2/install/moveit_resources_pr2_description:/home/p/ws_moveit2/install/moveit_resources_panda_moveit_config:/home/p/ws_moveit2/install/moveit_resources_panda_description:/home/p/ws_moveit2/install/moveit_resources_fanuc_moveit_config:/home/p/ws_moveit2/install/moveit_resources_fanuc_description:/home/p/ws_moveit2/install/moveit_common:/home/p/ws_demo1/install/ibvs_test:/home/p/demo_ws2/install/ur20_moveit_config:/home/p/demo_ws2/install/ur20_description:/home/p/demo_ws2/install/robotiq_description:/home/p/ws_moveit2/install/moveit_configs_utils:/home/p/ws_moveit2/install/launch_param_builder:/home/p/demo_ws2/install/ur20_joint_control:/home/p/demo_ws2/install/arm_joint_control:/opt/ros/humble LD_LIBRARY_PATH=/home/p/ws_demo2/install/service_interfaces/lib:/home/p/TensorRT_ws/TensorRT-8.6.1.6/lib:/usr/local/cuda-11.8/lib64:/home/p/ws_moveit2/install/pilz_industrial_motion_planner_testutils/lib:/home/p/ws_moveit2/install/pilz_industrial_motion_planner/lib:/home/p/ws_moveit2/install/moveit_visual_tools/lib:/home/p/ws_moveit2/install/moveit_task_constructor_visualization/lib:/home/p/ws_moveit2/install/moveit_task_constructor_demo/lib:/home/p/ws_moveit2/install/moveit_task_constructor_capabilities/lib:/home/p/ws_moveit2/install/moveit_task_constructor_core/lib:/home/p/ws_moveit2/install/moveit_ros_control_interface/lib:/home/p/ws_moveit2/install/moveit_simple_controller_manager/lib:/home/p/ws_moveit2/install/moveit_setup_assistant/lib:/home/p/ws_moveit2/install/moveit_setup_srdf_plugins/lib:/home/p/ws_moveit2/install/moveit_setup_core_plugins/lib:/home/p/ws_moveit2/install/moveit_setup_controllers/lib:/home/p/ws_moveit2/install/moveit_setup_app_plugins/lib:/home/p/ws_moveit2/install/moveit_setup_framework/lib:/home/p/ws_moveit2/install/moveit_servo/lib:/home/p/ws_moveit2/install/moveit_ros_visualization/lib:/home/p/ws_moveit2/install/moveit_hybrid_planning/lib:/home/p/ws_moveit2/install/moveit_ros_planning_interface/lib:/home/p/ws_moveit2/install/moveit_ros_benchmarks/lib:/home/p/ws_moveit2/install/moveit_ros_warehouse/lib:/home/p/ws_moveit2/install/moveit_ros_robot_interaction/lib:/home/p/ws_moveit2/install/moveit_ros_perception/lib:/home/p/ws_moveit2/install/moveit_ros_move_group/lib:/home/p/ws_moveit2/install/moveit_planners_ompl/lib:/home/p/ws_moveit2/install/moveit_ros_planning/lib:/home/p/ws_moveit2/install/moveit_ros_occupancy_map_monitor/lib:/home/p/ws_moveit2/install/moveit_resources_prbt_ikfast_manipulator_plugin/lib:/home/p/ws_moveit2/install/moveit_planners_chomp/lib:/home/p/ws_moveit2/install/moveit_kinematics/lib:/home/p/ws_moveit2/install/moveit_chomp_optimizer_adapter/lib:/home/p/ws_moveit2/install/chomp_motion_planner/lib:/home/p/ws_moveit2/install/moveit_core/lib:/home/p/ws_moveit2/install/srdfdom/lib:/home/p/ws_moveit2/install/rviz_marker_tools/lib:/home/p/ws_moveit2/install/rosparam_shortcuts/lib:/home/p/ws_moveit2/install/moveit_task_constructor_msgs/lib:/usr/lib/x86_64-linux-gnu/gazebo-11/plugins:/opt/ros/humble/opt/rviz_ogre_vendor/lib:/opt/ros/humble/lib/x86_64-linux-gnu:/opt/ros/humble/lib:/usr/share/gazebo/../../lib/x86_64-linux-gnu/gazebo-11/plugins PYTHONPATH=/home/p/ws_demo2/install/service_interfaces/local/lib/python3.10/dist-packages:${PYTHONPATH} /usr/local/bin/cmake --install /home/p/ws_demo2/build/movegroup
[0.743s] Level 1:colcon.colcon_core.environment:create_environment_scripts_only(movegroup)
[0.743s] Level 1:colcon.colcon_core.environment:checking '/home/p/ws_demo2/install/movegroup' for CMake module files
[0.744s] DEBUG:colcon.colcon_core.event_handler.log_command:Invoked command in '/home/p/ws_demo2/build/movegroup' returned '0': AMENT_PREFIX_PATH=/home/p/ws_demo2/install/service_interfaces:${AMENT_PREFIX_PATH} CMAKE_PREFIX_PATH=/home/p/ws_demo2/install/service_interfaces:/home/p/ws_moveit2/install/pilz_industrial_motion_planner_testutils:/home/p/ws_moveit2/install/moveit_runtime:/home/p/ws_moveit2/install/moveit2_tutorials:/home/p/ws_moveit2/install/moveit:/home/p/ws_moveit2/install/moveit_planners:/home/p/ws_moveit2/install/pilz_industrial_motion_planner:/home/p/ws_moveit2/install/moveit_visual_tools:/home/p/ws_moveit2/install/moveit_task_constructor_visualization:/home/p/ws_moveit2/install/moveit_task_constructor_demo:/home/p/ws_moveit2/install/moveit_task_constructor_capabilities:/home/p/ws_moveit2/install/moveit_task_constructor_core:/home/p/ws_moveit2/install/moveit_ros_control_interface:/home/p/ws_moveit2/install/moveit_plugins:/home/p/ws_moveit2/install/moveit_simple_controller_manager:/home/p/ws_moveit2/install/moveit_setup_assistant:/home/p/ws_moveit2/install/moveit_setup_srdf_plugins:/home/p/ws_moveit2/install/moveit_setup_core_plugins:/home/p/ws_moveit2/install/moveit_setup_controllers:/home/p/ws_moveit2/install/moveit_setup_app_plugins:/home/p/ws_moveit2/install/moveit_setup_framework:/home/p/ws_moveit2/install/moveit_servo:/home/p/ws_moveit2/install/moveit_ros:/home/p/ws_moveit2/install/moveit_ros_visualization:/home/p/ws_moveit2/install/moveit_hybrid_planning:/home/p/ws_moveit2/install/moveit_ros_planning_interface:/home/p/ws_moveit2/install/moveit_ros_benchmarks:/home/p/ws_moveit2/install/moveit_ros_warehouse:/home/p/ws_moveit2/install/moveit_ros_robot_interaction:/home/p/ws_moveit2/install/moveit_ros_perception:/home/p/ws_moveit2/install/moveit_resources_prbt_pg70_support:/home/p/ws_moveit2/install/moveit_resources_prbt_moveit_config:/home/p/ws_moveit2/install/moveit_ros_move_group:/home/p/ws_moveit2/install/moveit_planners_ompl:/home/p/ws_moveit2/install/moveit_ros_planning:/home/p/ws_moveit2/install/moveit_ros_occupancy_map_monitor:/home/p/ws_moveit2/install/moveit_resources_prbt_ikfast_manipulator_plugin:/home/p/ws_moveit2/install/moveit_planners_chomp:/home/p/ws_moveit2/install/moveit_kinematics:/home/p/ws_moveit2/install/moveit_chomp_optimizer_adapter:/home/p/ws_moveit2/install/chomp_motion_planner:/home/p/ws_moveit2/install/moveit_core:/home/p/ws_moveit2/install/srdfdom:/home/p/ws_moveit2/install/rviz_marker_tools:/home/p/ws_moveit2/install/rosparam_shortcuts:/home/p/ws_moveit2/install/moveit_task_constructor_msgs:/home/p/ws_moveit2/install/moveit_resources_prbt_support:/home/p/ws_moveit2/install/moveit_resources:/home/p/ws_moveit2/install/moveit_resources_pr2_description:/home/p/ws_moveit2/install/moveit_resources_panda_moveit_config:/home/p/ws_moveit2/install/moveit_resources_panda_description:/home/p/ws_moveit2/install/moveit_resources_fanuc_moveit_config:/home/p/ws_moveit2/install/moveit_resources_fanuc_description:/home/p/ws_moveit2/install/moveit_common:/home/p/ws_demo1/install/ibvs_test:/home/p/demo_ws2/install/ur20_moveit_config:/home/p/demo_ws2/install/ur20_description:/home/p/demo_ws2/install/robotiq_description:/home/p/ws_moveit2/install/moveit_configs_utils:/home/p/ws_moveit2/install/launch_param_builder:/home/p/demo_ws2/install/ur20_joint_control:/home/p/demo_ws2/install/arm_joint_control:/opt/ros/humble LD_LIBRARY_PATH=/home/p/ws_demo2/install/service_interfaces/lib:/home/p/TensorRT_ws/TensorRT-8.6.1.6/lib:/usr/local/cuda-11.8/lib64:/home/p/ws_moveit2/install/pilz_industrial_motion_planner_testutils/lib:/home/p/ws_moveit2/install/pilz_industrial_motion_planner/lib:/home/p/ws_moveit2/install/moveit_visual_tools/lib:/home/p/ws_moveit2/install/moveit_task_constructor_visualization/lib:/home/p/ws_moveit2/install/moveit_task_constructor_demo/lib:/home/p/ws_moveit2/install/moveit_task_constructor_capabilities/lib:/home/p/ws_moveit2/install/moveit_task_constructor_core/lib:/home/p/ws_moveit2/install/moveit_ros_control_interface/lib:/home/p/ws_moveit2/install/moveit_simple_controller_manager/lib:/home/p/ws_moveit2/install/moveit_setup_assistant/lib:/home/p/ws_moveit2/install/moveit_setup_srdf_plugins/lib:/home/p/ws_moveit2/install/moveit_setup_core_plugins/lib:/home/p/ws_moveit2/install/moveit_setup_controllers/lib:/home/p/ws_moveit2/install/moveit_setup_app_plugins/lib:/home/p/ws_moveit2/install/moveit_setup_framework/lib:/home/p/ws_moveit2/install/moveit_servo/lib:/home/p/ws_moveit2/install/moveit_ros_visualization/lib:/home/p/ws_moveit2/install/moveit_hybrid_planning/lib:/home/p/ws_moveit2/install/moveit_ros_planning_interface/lib:/home/p/ws_moveit2/install/moveit_ros_benchmarks/lib:/home/p/ws_moveit2/install/moveit_ros_warehouse/lib:/home/p/ws_moveit2/install/moveit_ros_robot_interaction/lib:/home/p/ws_moveit2/install/moveit_ros_perception/lib:/home/p/ws_moveit2/install/moveit_ros_move_group/lib:/home/p/ws_moveit2/install/moveit_planners_ompl/lib:/home/p/ws_moveit2/install/moveit_ros_planning/lib:/home/p/ws_moveit2/install/moveit_ros_occupancy_map_monitor/lib:/home/p/ws_moveit2/install/moveit_resources_prbt_ikfast_manipulator_plugin/lib:/home/p/ws_moveit2/install/moveit_planners_chomp/lib:/home/p/ws_moveit2/install/moveit_kinematics/lib:/home/p/ws_moveit2/install/moveit_chomp_optimizer_adapter/lib:/home/p/ws_moveit2/install/chomp_motion_planner/lib:/home/p/ws_moveit2/install/moveit_core/lib:/home/p/ws_moveit2/install/srdfdom/lib:/home/p/ws_moveit2/install/rviz_marker_tools/lib:/home/p/ws_moveit2/install/rosparam_shortcuts/lib:/home/p/ws_moveit2/install/moveit_task_constructor_msgs/lib:/usr/lib/x86_64-linux-gnu/gazebo-11/plugins:/opt/ros/humble/opt/rviz_ogre_vendor/lib:/opt/ros/humble/lib/x86_64-linux-gnu:/opt/ros/humble/lib:/usr/share/gazebo/../../lib/x86_64-linux-gnu/gazebo-11/plugins PYTHONPATH=/home/p/ws_demo2/install/service_interfaces/local/lib/python3.10/dist-packages:${PYTHONPATH} /usr/local/bin/cmake --install /home/p/ws_demo2/build/movegroup
[0.744s] Level 1:colcon.colcon_core.environment:checking '/home/p/ws_demo2/install/movegroup' for CMake config files
[0.744s] Level 1:colcon.colcon_core.shell:create_environment_hook('movegroup', 'cmake_prefix_path')
[0.744s] INFO:colcon.colcon_core.shell:Creating environment hook '/home/p/ws_demo2/install/movegroup/share/movegroup/hook/cmake_prefix_path.ps1'
[0.745s] INFO:colcon.colcon_core.shell:Creating environment descriptor '/home/p/ws_demo2/install/movegroup/share/movegroup/hook/cmake_prefix_path.dsv'
[0.745s] INFO:colcon.colcon_core.shell:Creating environment hook '/home/p/ws_demo2/install/movegroup/share/movegroup/hook/cmake_prefix_path.sh'
[0.746s] Level 1:colcon.colcon_core.environment:checking '/home/p/ws_demo2/install/movegroup/lib'
[0.746s] Level 1:colcon.colcon_core.environment:checking '/home/p/ws_demo2/install/movegroup/bin'
[0.746s] Level 1:colcon.colcon_core.environment:checking '/home/p/ws_demo2/install/movegroup/lib/pkgconfig/movegroup.pc'
[0.746s] Level 1:colcon.colcon_core.environment:checking '/home/p/ws_demo2/install/movegroup/lib/python3.10/site-packages'
[0.746s] Level 1:colcon.colcon_core.environment:checking '/home/p/ws_demo2/install/movegroup/bin'
[0.746s] INFO:colcon.colcon_core.shell:Creating package script '/home/p/ws_demo2/install/movegroup/share/movegroup/package.ps1'
[0.747s] INFO:colcon.colcon_core.shell:Creating package descriptor '/home/p/ws_demo2/install/movegroup/share/movegroup/package.dsv'
[0.747s] INFO:colcon.colcon_core.shell:Creating package script '/home/p/ws_demo2/install/movegroup/share/movegroup/package.sh'
[0.747s] INFO:colcon.colcon_core.shell:Creating package script '/home/p/ws_demo2/install/movegroup/share/movegroup/package.bash'
[0.748s] INFO:colcon.colcon_core.shell:Creating package script '/home/p/ws_demo2/install/movegroup/share/movegroup/package.zsh'
[0.748s] Level 1:colcon.colcon_core.environment:create_file_with_runtime_dependencies(/home/p/ws_demo2/install/movegroup/share/colcon-core/packages/movegroup)
[0.748s] Level 1:colcon.colcon_core.environment:create_environment_scripts_only(movegroup)
[0.748s] Level 1:colcon.colcon_core.environment:checking '/home/p/ws_demo2/install/movegroup' for CMake module files
[0.749s] Level 1:colcon.colcon_core.environment:checking '/home/p/ws_demo2/install/movegroup' for CMake config files
[0.749s] Level 1:colcon.colcon_core.shell:create_environment_hook('movegroup', 'cmake_prefix_path')
[0.749s] INFO:colcon.colcon_core.shell:Creating environment hook '/home/p/ws_demo2/install/movegroup/share/movegroup/hook/cmake_prefix_path.ps1'
[0.750s] INFO:colcon.colcon_core.shell:Creating environment descriptor '/home/p/ws_demo2/install/movegroup/share/movegroup/hook/cmake_prefix_path.dsv'
[0.750s] INFO:colcon.colcon_core.shell:Creating environment hook '/home/p/ws_demo2/install/movegroup/share/movegroup/hook/cmake_prefix_path.sh'
[0.750s] Level 1:colcon.colcon_core.environment:checking '/home/p/ws_demo2/install/movegroup/lib'
[0.751s] Level 1:colcon.colcon_core.environment:checking '/home/p/ws_demo2/install/movegroup/bin'
[0.751s] Level 1:colcon.colcon_core.environment:checking '/home/p/ws_demo2/install/movegroup/lib/pkgconfig/movegroup.pc'
[0.751s] Level 1:colcon.colcon_core.environment:checking '/home/p/ws_demo2/install/movegroup/lib/python3.10/site-packages'
[0.751s] Level 1:colcon.colcon_core.environment:checking '/home/p/ws_demo2/install/movegroup/bin'
[0.751s] INFO:colcon.colcon_core.shell:Creating package script '/home/p/ws_demo2/install/movegroup/share/movegroup/package.ps1'
[0.752s] INFO:colcon.colcon_core.shell:Creating package descriptor '/home/p/ws_demo2/install/movegroup/share/movegroup/package.dsv'
[0.752s] INFO:colcon.colcon_core.shell:Creating package script '/home/p/ws_demo2/install/movegroup/share/movegroup/package.sh'
[0.752s] INFO:colcon.colcon_core.shell:Creating package script '/home/p/ws_demo2/install/movegroup/share/movegroup/package.bash'
[0.753s] INFO:colcon.colcon_core.shell:Creating package script '/home/p/ws_demo2/install/movegroup/share/movegroup/package.zsh'
[0.753s] Level 1:colcon.colcon_core.environment:create_file_with_runtime_dependencies(/home/p/ws_demo2/install/movegroup/share/colcon-core/packages/movegroup)
[0.753s] DEBUG:colcon.colcon_parallel_executor.executor.parallel:closing loop
[0.753s] DEBUG:colcon.colcon_parallel_executor.executor.parallel:loop closed
[0.753s] DEBUG:colcon.colcon_parallel_executor.executor.parallel:run_until_complete finished with '0'
[0.753s] DEBUG:colcon.colcon_core.event_reactor:joining thread
[0.758s] INFO:colcon.colcon_core.plugin_system:Skipping extension 'colcon_notification.desktop_notification.terminal_notifier': Not used on non-Darwin systems
[0.758s] INFO:colcon.colcon_core.plugin_system:Skipping extension 'colcon_notification.desktop_notification.win32': Not used on non-Windows systems
[0.758s] INFO:colcon.colcon_notification.desktop_notification:Sending desktop notification using 'notify2'
[0.765s] DEBUG:colcon.colcon_core.event_reactor:joined thread
[0.765s] INFO:colcon.colcon_core.shell:Creating prefix script '/home/p/ws_demo2/install/local_setup.ps1'
[0.766s] INFO:colcon.colcon_core.shell:Creating prefix util module '/home/p/ws_demo2/install/_local_setup_util_ps1.py'
[0.768s] INFO:colcon.colcon_core.shell:Creating prefix chain script '/home/p/ws_demo2/install/setup.ps1'
[0.771s] INFO:colcon.colcon_core.shell:Creating prefix script '/home/p/ws_demo2/install/local_setup.sh'
[0.771s] INFO:colcon.colcon_core.shell:Creating prefix util module '/home/p/ws_demo2/install/_local_setup_util_sh.py'
[0.772s] INFO:colcon.colcon_core.shell:Creating prefix chain script '/home/p/ws_demo2/install/setup.sh'
[0.775s] INFO:colcon.colcon_core.shell:Creating prefix script '/home/p/ws_demo2/install/local_setup.bash'
[0.776s] INFO:colcon.colcon_core.shell:Creating prefix chain script '/home/p/ws_demo2/install/setup.bash'
[0.779s] INFO:colcon.colcon_core.shell:Creating prefix script '/home/p/ws_demo2/install/local_setup.zsh'
[0.780s] INFO:colcon.colcon_core.shell:Creating prefix chain script '/home/p/ws_demo2/install/setup.zsh'
