[0.187s] DEBUG:colcon:Command line arguments: ['/usr/bin/colcon', 'build']
[0.188s] DEBUG:colcon:Parsed command line arguments: Namespace(log_base=None, log_level=None, verb_name='build', build_base='build', install_base='install', merge_install=False, symlink_install=False, test_result_base=None, continue_on_error=False, executor='parallel', parallel_workers=16, event_handlers=None, ignore_user_meta=False, metas=['./colcon.meta'], base_paths=['.'], packages_ignore=None, packages_ignore_regex=None, paths=None, packages_up_to=None, packages_up_to_regex=None, packages_above=None, packages_above_and_dependencies=None, packages_above_depth=None, packages_select_by_dep=None, packages_skip_by_dep=None, packages_skip_up_to=None, packages_select_build_failed=False, packages_skip_build_finished=False, packages_select_test_failures=False, packages_skip_test_passed=False, packages_select=None, packages_skip=None, packages_select_regex=None, packages_skip_regex=None, packages_start=None, packages_end=None, allow_overriding=[], cmake_args=None, cmake_target=None, cmake_target_skip_unavailable=False, cmake_clean_cache=False, cmake_clean_first=False, cmake_force_configure=False, ament_cmake_args=None, catkin_cmake_args=None, catkin_skip_building_tests=False, mixin_files=None, mixin=None, verb_parser=<colcon_mixin.mixin.mixin_argument.MixinArgumentDecorator object at 0x7ff729d33490>, verb_extension=<colcon_core.verb.build.BuildVerb object at 0x7ff729d32ec0>, main=<bound method BuildVerb.main of <colcon_core.verb.build.BuildVerb object at 0x7ff729d32ec0>>, mixin_verb=('build',))
[0.464s] Level 1:colcon.colcon_core.package_discovery:discover_packages(colcon_meta) check parameters
[0.464s] Level 1:colcon.colcon_core.package_discovery:discover_packages(recursive) check parameters
[0.464s] Level 1:colcon.colcon_core.package_discovery:discover_packages(ignore) check parameters
[0.464s] Level 1:colcon.colcon_core.package_discovery:discover_packages(path) check parameters
[0.464s] Level 1:colcon.colcon_core.package_discovery:discover_packages(colcon_meta) discover
[0.464s] Level 1:colcon.colcon_core.package_discovery:discover_packages(recursive) discover
[0.464s] INFO:colcon.colcon_core.package_discovery:Crawling recursively for packages in '/home/p/ws_demo2'
[0.464s] Level 1:colcon.colcon_core.package_identification:_identify(.) by extensions ['ignore', 'ignore_ament_install']
[0.464s] Level 1:colcon.colcon_core.package_identification:_identify(.) by extension 'ignore'
[0.465s] Level 1:colcon.colcon_core.package_identification:_identify(.) by extension 'ignore_ament_install'
[0.465s] Level 1:colcon.colcon_core.package_identification:_identify(.) by extensions ['colcon_pkg']
[0.465s] Level 1:colcon.colcon_core.package_identification:_identify(.) by extension 'colcon_pkg'
[0.465s] Level 1:colcon.colcon_core.package_identification:_identify(.) by extensions ['colcon_meta']
[0.465s] Level 1:colcon.colcon_core.package_identification:_identify(.) by extension 'colcon_meta'
[0.465s] Level 1:colcon.colcon_core.package_identification:_identify(.) by extensions ['ros']
[0.465s] Level 1:colcon.colcon_core.package_identification:_identify(.) by extension 'ros'
[0.481s] Level 1:colcon.colcon_core.package_identification:_identify(.) by extensions ['cmake', 'python']
[0.481s] Level 1:colcon.colcon_core.package_identification:_identify(.) by extension 'cmake'
[0.481s] Level 1:colcon.colcon_core.package_identification:_identify(.) by extension 'python'
[0.481s] Level 1:colcon.colcon_core.package_identification:_identify(.) by extensions ['python_setup_py']
[0.481s] Level 1:colcon.colcon_core.package_identification:_identify(.) by extension 'python_setup_py'
[0.481s] Level 1:colcon.colcon_core.package_identification:_identify(build) by extensions ['ignore', 'ignore_ament_install']
[0.482s] Level 1:colcon.colcon_core.package_identification:_identify(build) by extension 'ignore'
[0.482s] Level 1:colcon.colcon_core.package_identification:_identify(build) ignored
[0.482s] Level 1:colcon.colcon_core.package_identification:_identify(install) by extensions ['ignore', 'ignore_ament_install']
[0.482s] Level 1:colcon.colcon_core.package_identification:_identify(install) by extension 'ignore'
[0.482s] Level 1:colcon.colcon_core.package_identification:_identify(install) ignored
[0.482s] Level 1:colcon.colcon_core.package_identification:_identify(log) by extensions ['ignore', 'ignore_ament_install']
[0.482s] Level 1:colcon.colcon_core.package_identification:_identify(log) by extension 'ignore'
[0.483s] Level 1:colcon.colcon_core.package_identification:_identify(log) ignored
[0.483s] Level 1:colcon.colcon_core.package_identification:_identify(src) by extensions ['ignore', 'ignore_ament_install']
[0.483s] Level 1:colcon.colcon_core.package_identification:_identify(src) by extension 'ignore'
[0.483s] Level 1:colcon.colcon_core.package_identification:_identify(src) by extension 'ignore_ament_install'
[0.483s] Level 1:colcon.colcon_core.package_identification:_identify(src) by extensions ['colcon_pkg']
[0.483s] Level 1:colcon.colcon_core.package_identification:_identify(src) by extension 'colcon_pkg'
[0.483s] Level 1:colcon.colcon_core.package_identification:_identify(src) by extensions ['colcon_meta']
[0.483s] Level 1:colcon.colcon_core.package_identification:_identify(src) by extension 'colcon_meta'
[0.483s] Level 1:colcon.colcon_core.package_identification:_identify(src) by extensions ['ros']
[0.483s] Level 1:colcon.colcon_core.package_identification:_identify(src) by extension 'ros'
[0.483s] Level 1:colcon.colcon_core.package_identification:_identify(src) by extensions ['cmake', 'python']
[0.483s] Level 1:colcon.colcon_core.package_identification:_identify(src) by extension 'cmake'
[0.484s] Level 1:colcon.colcon_core.package_identification:_identify(src) by extension 'python'
[0.484s] Level 1:colcon.colcon_core.package_identification:_identify(src) by extensions ['python_setup_py']
[0.484s] Level 1:colcon.colcon_core.package_identification:_identify(src) by extension 'python_setup_py'
[0.484s] Level 1:colcon.colcon_core.package_identification:_identify(src/camera_image) by extensions ['ignore', 'ignore_ament_install']
[0.484s] Level 1:colcon.colcon_core.package_identification:_identify(src/camera_image) by extension 'ignore'
[0.484s] Level 1:colcon.colcon_core.package_identification:_identify(src/camera_image) by extension 'ignore_ament_install'
[0.484s] Level 1:colcon.colcon_core.package_identification:_identify(src/camera_image) by extensions ['colcon_pkg']
[0.484s] Level 1:colcon.colcon_core.package_identification:_identify(src/camera_image) by extension 'colcon_pkg'
[0.484s] Level 1:colcon.colcon_core.package_identification:_identify(src/camera_image) by extensions ['colcon_meta']
[0.484s] Level 1:colcon.colcon_core.package_identification:_identify(src/camera_image) by extension 'colcon_meta'
[0.484s] Level 1:colcon.colcon_core.package_identification:_identify(src/camera_image) by extensions ['ros']
[0.484s] Level 1:colcon.colcon_core.package_identification:_identify(src/camera_image) by extension 'ros'
[0.489s] DEBUG:colcon.colcon_core.package_identification:Package 'src/camera_image' with type 'ros.ament_cmake' and name 'camera_image'
[0.489s] Level 1:colcon.colcon_core.package_identification:_identify(src/ibvs) by extensions ['ignore', 'ignore_ament_install']
[0.490s] Level 1:colcon.colcon_core.package_identification:_identify(src/ibvs) by extension 'ignore'
[0.490s] Level 1:colcon.colcon_core.package_identification:_identify(src/ibvs) by extension 'ignore_ament_install'
[0.490s] Level 1:colcon.colcon_core.package_identification:_identify(src/ibvs) by extensions ['colcon_pkg']
[0.490s] Level 1:colcon.colcon_core.package_identification:_identify(src/ibvs) by extension 'colcon_pkg'
[0.490s] Level 1:colcon.colcon_core.package_identification:_identify(src/ibvs) by extensions ['colcon_meta']
[0.490s] Level 1:colcon.colcon_core.package_identification:_identify(src/ibvs) by extension 'colcon_meta'
[0.491s] Level 1:colcon.colcon_core.package_identification:_identify(src/ibvs) by extensions ['ros']
[0.491s] Level 1:colcon.colcon_core.package_identification:_identify(src/ibvs) by extension 'ros'
[0.492s] DEBUG:colcon.colcon_core.package_identification:Package 'src/ibvs' with type 'ros.ament_cmake' and name 'ibvs'
[0.493s] Level 1:colcon.colcon_core.package_identification:_identify(src/ik) by extensions ['ignore', 'ignore_ament_install']
[0.493s] Level 1:colcon.colcon_core.package_identification:_identify(src/ik) by extension 'ignore'
[0.493s] Level 1:colcon.colcon_core.package_identification:_identify(src/ik) by extension 'ignore_ament_install'
[0.493s] Level 1:colcon.colcon_core.package_identification:_identify(src/ik) by extensions ['colcon_pkg']
[0.493s] Level 1:colcon.colcon_core.package_identification:_identify(src/ik) by extension 'colcon_pkg'
[0.493s] Level 1:colcon.colcon_core.package_identification:_identify(src/ik) by extensions ['colcon_meta']
[0.493s] Level 1:colcon.colcon_core.package_identification:_identify(src/ik) by extension 'colcon_meta'
[0.493s] Level 1:colcon.colcon_core.package_identification:_identify(src/ik) by extensions ['ros']
[0.493s] Level 1:colcon.colcon_core.package_identification:_identify(src/ik) by extension 'ros'
[0.495s] DEBUG:colcon.colcon_core.package_identification:Package 'src/ik' with type 'ros.ament_cmake' and name 'ik'
[0.495s] Level 1:colcon.colcon_core.package_identification:_identify(src/service_interfaces) by extensions ['ignore', 'ignore_ament_install']
[0.495s] Level 1:colcon.colcon_core.package_identification:_identify(src/service_interfaces) by extension 'ignore'
[0.495s] Level 1:colcon.colcon_core.package_identification:_identify(src/service_interfaces) by extension 'ignore_ament_install'
[0.495s] Level 1:colcon.colcon_core.package_identification:_identify(src/service_interfaces) by extensions ['colcon_pkg']
[0.495s] Level 1:colcon.colcon_core.package_identification:_identify(src/service_interfaces) by extension 'colcon_pkg'
[0.495s] Level 1:colcon.colcon_core.package_identification:_identify(src/service_interfaces) by extensions ['colcon_meta']
[0.496s] Level 1:colcon.colcon_core.package_identification:_identify(src/service_interfaces) by extension 'colcon_meta'
[0.496s] Level 1:colcon.colcon_core.package_identification:_identify(src/service_interfaces) by extensions ['ros']
[0.496s] Level 1:colcon.colcon_core.package_identification:_identify(src/service_interfaces) by extension 'ros'
[0.497s] DEBUG:colcon.colcon_core.package_identification:Package 'src/service_interfaces' with type 'ros.ament_cmake' and name 'service_interfaces'
[0.497s] Level 1:colcon.colcon_core.package_identification:_identify(src/ur_description) by extensions ['ignore', 'ignore_ament_install']
[0.497s] Level 1:colcon.colcon_core.package_identification:_identify(src/ur_description) by extension 'ignore'
[0.497s] Level 1:colcon.colcon_core.package_identification:_identify(src/ur_description) by extension 'ignore_ament_install'
[0.497s] Level 1:colcon.colcon_core.package_identification:_identify(src/ur_description) by extensions ['colcon_pkg']
[0.497s] Level 1:colcon.colcon_core.package_identification:_identify(src/ur_description) by extension 'colcon_pkg'
[0.497s] Level 1:colcon.colcon_core.package_identification:_identify(src/ur_description) by extensions ['colcon_meta']
[0.497s] Level 1:colcon.colcon_core.package_identification:_identify(src/ur_description) by extension 'colcon_meta'
[0.497s] Level 1:colcon.colcon_core.package_identification:_identify(src/ur_description) by extensions ['ros']
[0.497s] Level 1:colcon.colcon_core.package_identification:_identify(src/ur_description) by extension 'ros'
[0.507s] DEBUG:colcon.colcon_core.package_identification:Package 'src/ur_description' with type 'ros.ament_cmake' and name 'ur_description'
[0.507s] Level 1:colcon.colcon_core.package_discovery:discover_packages(recursive) using defaults
[0.507s] Level 1:colcon.colcon_core.package_discovery:discover_packages(ignore) discover
[0.507s] Level 1:colcon.colcon_core.package_discovery:discover_packages(ignore) using defaults
[0.507s] Level 1:colcon.colcon_core.package_discovery:discover_packages(path) discover
[0.508s] Level 1:colcon.colcon_core.package_discovery:discover_packages(path) using defaults
[0.538s] Level 1:colcon.colcon_core.package_discovery:discover_packages(prefix_path) check parameters
[0.538s] Level 1:colcon.colcon_core.package_discovery:discover_packages(prefix_path) discover
[0.544s] DEBUG:colcon.colcon_installed_package_information.package_discovery:Found 5 installed packages in /home/p/ws_demo2/install
[0.545s] DEBUG:colcon.colcon_installed_package_information.package_discovery:Found 1 installed packages in /home/p/ws_demo1/install
[0.545s] DEBUG:colcon.colcon_installed_package_information.package_discovery:Found 5 installed packages in /home/p/demo_ws2/install
[0.548s] DEBUG:colcon.colcon_installed_package_information.package_discovery:Found 55 installed packages in /home/p/ws_moveit2/install
[0.551s] DEBUG:colcon.colcon_installed_package_information.package_discovery:Found 391 installed packages in /opt/ros/humble
[0.556s] Level 1:colcon.colcon_core.package_discovery:discover_packages(prefix_path) using defaults
[0.639s] Level 5:colcon.colcon_core.verb:set package 'camera_image' build argument 'cmake_args' from command line to 'None'
[0.639s] Level 5:colcon.colcon_core.verb:set package 'camera_image' build argument 'cmake_target' from command line to 'None'
[0.639s] Level 5:colcon.colcon_core.verb:set package 'camera_image' build argument 'cmake_target_skip_unavailable' from command line to 'False'
[0.639s] Level 5:colcon.colcon_core.verb:set package 'camera_image' build argument 'cmake_clean_cache' from command line to 'False'
[0.639s] Level 5:colcon.colcon_core.verb:set package 'camera_image' build argument 'cmake_clean_first' from command line to 'False'
[0.639s] Level 5:colcon.colcon_core.verb:set package 'camera_image' build argument 'cmake_force_configure' from command line to 'False'
[0.639s] Level 5:colcon.colcon_core.verb:set package 'camera_image' build argument 'ament_cmake_args' from command line to 'None'
[0.639s] Level 5:colcon.colcon_core.verb:set package 'camera_image' build argument 'catkin_cmake_args' from command line to 'None'
[0.639s] Level 5:colcon.colcon_core.verb:set package 'camera_image' build argument 'catkin_skip_building_tests' from command line to 'False'
[0.639s] DEBUG:colcon.colcon_core.verb:Building package 'camera_image' with the following arguments: {'ament_cmake_args': None, 'build_base': '/home/p/ws_demo2/build/camera_image', 'catkin_cmake_args': None, 'catkin_skip_building_tests': False, 'cmake_args': None, 'cmake_clean_cache': False, 'cmake_clean_first': False, 'cmake_force_configure': False, 'cmake_target': None, 'cmake_target_skip_unavailable': False, 'install_base': '/home/p/ws_demo2/install/camera_image', 'merge_install': False, 'path': '/home/p/ws_demo2/src/camera_image', 'symlink_install': False, 'test_result_base': None}
[0.640s] Level 5:colcon.colcon_core.verb:set package 'service_interfaces' build argument 'cmake_args' from command line to 'None'
[0.640s] Level 5:colcon.colcon_core.verb:set package 'service_interfaces' build argument 'cmake_target' from command line to 'None'
[0.640s] Level 5:colcon.colcon_core.verb:set package 'service_interfaces' build argument 'cmake_target_skip_unavailable' from command line to 'False'
[0.640s] Level 5:colcon.colcon_core.verb:set package 'service_interfaces' build argument 'cmake_clean_cache' from command line to 'False'
[0.640s] Level 5:colcon.colcon_core.verb:set package 'service_interfaces' build argument 'cmake_clean_first' from command line to 'False'
[0.640s] Level 5:colcon.colcon_core.verb:set package 'service_interfaces' build argument 'cmake_force_configure' from command line to 'False'
[0.640s] Level 5:colcon.colcon_core.verb:set package 'service_interfaces' build argument 'ament_cmake_args' from command line to 'None'
[0.640s] Level 5:colcon.colcon_core.verb:set package 'service_interfaces' build argument 'catkin_cmake_args' from command line to 'None'
[0.640s] Level 5:colcon.colcon_core.verb:set package 'service_interfaces' build argument 'catkin_skip_building_tests' from command line to 'False'
[0.640s] DEBUG:colcon.colcon_core.verb:Building package 'service_interfaces' with the following arguments: {'ament_cmake_args': None, 'build_base': '/home/p/ws_demo2/build/service_interfaces', 'catkin_cmake_args': None, 'catkin_skip_building_tests': False, 'cmake_args': None, 'cmake_clean_cache': False, 'cmake_clean_first': False, 'cmake_force_configure': False, 'cmake_target': None, 'cmake_target_skip_unavailable': False, 'install_base': '/home/p/ws_demo2/install/service_interfaces', 'merge_install': False, 'path': '/home/p/ws_demo2/src/service_interfaces', 'symlink_install': False, 'test_result_base': None}
[0.641s] Level 5:colcon.colcon_core.verb:set package 'ur_description' build argument 'cmake_args' from command line to 'None'
[0.641s] Level 5:colcon.colcon_core.verb:set package 'ur_description' build argument 'cmake_target' from command line to 'None'
[0.641s] Level 5:colcon.colcon_core.verb:set package 'ur_description' build argument 'cmake_target_skip_unavailable' from command line to 'False'
[0.641s] Level 5:colcon.colcon_core.verb:set package 'ur_description' build argument 'cmake_clean_cache' from command line to 'False'
[0.641s] Level 5:colcon.colcon_core.verb:set package 'ur_description' build argument 'cmake_clean_first' from command line to 'False'
[0.641s] Level 5:colcon.colcon_core.verb:set package 'ur_description' build argument 'cmake_force_configure' from command line to 'False'
[0.641s] Level 5:colcon.colcon_core.verb:set package 'ur_description' build argument 'ament_cmake_args' from command line to 'None'
[0.641s] Level 5:colcon.colcon_core.verb:set package 'ur_description' build argument 'catkin_cmake_args' from command line to 'None'
[0.641s] Level 5:colcon.colcon_core.verb:set package 'ur_description' build argument 'catkin_skip_building_tests' from command line to 'False'
[0.641s] DEBUG:colcon.colcon_core.verb:Building package 'ur_description' with the following arguments: {'ament_cmake_args': None, 'build_base': '/home/p/ws_demo2/build/ur_description', 'catkin_cmake_args': None, 'catkin_skip_building_tests': False, 'cmake_args': None, 'cmake_clean_cache': False, 'cmake_clean_first': False, 'cmake_force_configure': False, 'cmake_target': None, 'cmake_target_skip_unavailable': False, 'install_base': '/home/p/ws_demo2/install/ur_description', 'merge_install': False, 'path': '/home/p/ws_demo2/src/ur_description', 'symlink_install': False, 'test_result_base': None}
[0.641s] Level 5:colcon.colcon_core.verb:set package 'ibvs' build argument 'cmake_args' from command line to 'None'
[0.642s] Level 5:colcon.colcon_core.verb:set package 'ibvs' build argument 'cmake_target' from command line to 'None'
[0.642s] Level 5:colcon.colcon_core.verb:set package 'ibvs' build argument 'cmake_target_skip_unavailable' from command line to 'False'
[0.642s] Level 5:colcon.colcon_core.verb:set package 'ibvs' build argument 'cmake_clean_cache' from command line to 'False'
[0.642s] Level 5:colcon.colcon_core.verb:set package 'ibvs' build argument 'cmake_clean_first' from command line to 'False'
[0.642s] Level 5:colcon.colcon_core.verb:set package 'ibvs' build argument 'cmake_force_configure' from command line to 'False'
[0.642s] Level 5:colcon.colcon_core.verb:set package 'ibvs' build argument 'ament_cmake_args' from command line to 'None'
[0.642s] Level 5:colcon.colcon_core.verb:set package 'ibvs' build argument 'catkin_cmake_args' from command line to 'None'
[0.642s] Level 5:colcon.colcon_core.verb:set package 'ibvs' build argument 'catkin_skip_building_tests' from command line to 'False'
[0.642s] DEBUG:colcon.colcon_core.verb:Building package 'ibvs' with the following arguments: {'ament_cmake_args': None, 'build_base': '/home/p/ws_demo2/build/ibvs', 'catkin_cmake_args': None, 'catkin_skip_building_tests': False, 'cmake_args': None, 'cmake_clean_cache': False, 'cmake_clean_first': False, 'cmake_force_configure': False, 'cmake_target': None, 'cmake_target_skip_unavailable': False, 'install_base': '/home/p/ws_demo2/install/ibvs', 'merge_install': False, 'path': '/home/p/ws_demo2/src/ibvs', 'symlink_install': False, 'test_result_base': None}
[0.642s] Level 5:colcon.colcon_core.verb:set package 'ik' build argument 'cmake_args' from command line to 'None'
[0.642s] Level 5:colcon.colcon_core.verb:set package 'ik' build argument 'cmake_target' from command line to 'None'
[0.643s] Level 5:colcon.colcon_core.verb:set package 'ik' build argument 'cmake_target_skip_unavailable' from command line to 'False'
[0.643s] Level 5:colcon.colcon_core.verb:set package 'ik' build argument 'cmake_clean_cache' from command line to 'False'
[0.643s] Level 5:colcon.colcon_core.verb:set package 'ik' build argument 'cmake_clean_first' from command line to 'False'
[0.643s] Level 5:colcon.colcon_core.verb:set package 'ik' build argument 'cmake_force_configure' from command line to 'False'
[0.643s] Level 5:colcon.colcon_core.verb:set package 'ik' build argument 'ament_cmake_args' from command line to 'None'
[0.643s] Level 5:colcon.colcon_core.verb:set package 'ik' build argument 'catkin_cmake_args' from command line to 'None'
[0.643s] Level 5:colcon.colcon_core.verb:set package 'ik' build argument 'catkin_skip_building_tests' from command line to 'False'
[0.643s] DEBUG:colcon.colcon_core.verb:Building package 'ik' with the following arguments: {'ament_cmake_args': None, 'build_base': '/home/p/ws_demo2/build/ik', 'catkin_cmake_args': None, 'catkin_skip_building_tests': False, 'cmake_args': None, 'cmake_clean_cache': False, 'cmake_clean_first': False, 'cmake_force_configure': False, 'cmake_target': None, 'cmake_target_skip_unavailable': False, 'install_base': '/home/p/ws_demo2/install/ik', 'merge_install': False, 'path': '/home/p/ws_demo2/src/ik', 'symlink_install': False, 'test_result_base': None}
[0.643s] INFO:colcon.colcon_core.executor:Executing jobs using 'parallel' executor
[0.644s] DEBUG:colcon.colcon_parallel_executor.executor.parallel:run_until_complete
[0.645s] INFO:colcon.colcon_ros.task.ament_cmake.build:Building ROS package in '/home/p/ws_demo2/src/service_interfaces' with build type 'ament_cmake'
[0.645s] INFO:colcon.colcon_cmake.task.cmake.build:Building CMake package in '/home/p/ws_demo2/src/service_interfaces'
[0.648s] INFO:colcon.colcon_core.plugin_system:Skipping extension 'colcon_core.shell.bat': Not used on non-Windows systems
[0.648s] INFO:colcon.colcon_core.shell:Skip shell extension 'powershell' for command environment: Not usable outside of PowerShell
[0.648s] DEBUG:colcon.colcon_core.shell:Skip shell extension 'dsv' for command environment
[0.660s] INFO:colcon.colcon_ros.task.ament_cmake.build:Building ROS package in '/home/p/ws_demo2/src/camera_image' with build type 'ament_cmake'
[0.660s] INFO:colcon.colcon_cmake.task.cmake.build:Building CMake package in '/home/p/ws_demo2/src/camera_image'
[0.661s] INFO:colcon.colcon_core.shell:Skip shell extension 'powershell' for command environment: Not usable outside of PowerShell
[0.661s] DEBUG:colcon.colcon_core.shell:Skip shell extension 'dsv' for command environment
[0.672s] INFO:colcon.colcon_ros.task.ament_cmake.build:Building ROS package in '/home/p/ws_demo2/src/ur_description' with build type 'ament_cmake'
[0.672s] INFO:colcon.colcon_cmake.task.cmake.build:Building CMake package in '/home/p/ws_demo2/src/ur_description'
[0.673s] INFO:colcon.colcon_core.shell:Skip shell extension 'powershell' for command environment: Not usable outside of PowerShell
[0.673s] DEBUG:colcon.colcon_core.shell:Skip shell extension 'dsv' for command environment
[0.692s] DEBUG:colcon.colcon_core.event_handler.log_command:Invoking command in '/home/p/ws_demo2/build/service_interfaces': CMAKE_PREFIX_PATH=${CMAKE_PREFIX_PATH}:/home/p/ws_moveit2/install/moveit_configs_utils:/home/p/ws_moveit2/install/launch_param_builder:/home/p/demo_ws2/install/ur20_joint_control:/home/p/demo_ws2/install/arm_joint_control:/opt/ros/humble /usr/local/bin/cmake --build /home/p/ws_demo2/build/service_interfaces -- -j16 -l16
[0.697s] DEBUG:colcon.colcon_core.event_handler.log_command:Invoking command in '/home/p/ws_demo2/build/camera_image': CMAKE_PREFIX_PATH=${CMAKE_PREFIX_PATH}:/home/p/ws_moveit2/install/moveit_configs_utils:/home/p/ws_moveit2/install/launch_param_builder:/home/p/demo_ws2/install/ur20_joint_control:/home/p/demo_ws2/install/arm_joint_control:/opt/ros/humble /usr/local/bin/cmake --build /home/p/ws_demo2/build/camera_image -- -j16 -l16
[0.702s] DEBUG:colcon.colcon_core.event_handler.log_command:Invoking command in '/home/p/ws_demo2/build/ur_description': CMAKE_PREFIX_PATH=${CMAKE_PREFIX_PATH}:/home/p/ws_moveit2/install/moveit_configs_utils:/home/p/ws_moveit2/install/launch_param_builder:/home/p/demo_ws2/install/ur20_joint_control:/home/p/demo_ws2/install/arm_joint_control:/opt/ros/humble /usr/local/bin/cmake --build /home/p/ws_demo2/build/ur_description -- -j16 -l16
[0.723s] DEBUG:colcon.colcon_core.event_handler.log_command:Invoked command in '/home/p/ws_demo2/build/ur_description' returned '0': CMAKE_PREFIX_PATH=${CMAKE_PREFIX_PATH}:/home/p/ws_moveit2/install/moveit_configs_utils:/home/p/ws_moveit2/install/launch_param_builder:/home/p/demo_ws2/install/ur20_joint_control:/home/p/demo_ws2/install/arm_joint_control:/opt/ros/humble /usr/local/bin/cmake --build /home/p/ws_demo2/build/ur_description -- -j16 -l16
[0.729s] DEBUG:colcon.colcon_core.event_handler.log_command:Invoking command in '/home/p/ws_demo2/build/ur_description': CMAKE_PREFIX_PATH=${CMAKE_PREFIX_PATH}:/home/p/ws_moveit2/install/moveit_configs_utils:/home/p/ws_moveit2/install/launch_param_builder:/home/p/demo_ws2/install/ur20_joint_control:/home/p/demo_ws2/install/arm_joint_control:/opt/ros/humble /usr/local/bin/cmake --install /home/p/ws_demo2/build/ur_description
[0.740s] Level 1:colcon.colcon_core.environment:create_environment_scripts_only(ur_description)
[0.751s] DEBUG:colcon.colcon_core.event_handler.log_command:Invoked command in '/home/p/ws_demo2/build/ur_description' returned '0': CMAKE_PREFIX_PATH=${CMAKE_PREFIX_PATH}:/home/p/ws_moveit2/install/moveit_configs_utils:/home/p/ws_moveit2/install/launch_param_builder:/home/p/demo_ws2/install/ur20_joint_control:/home/p/demo_ws2/install/arm_joint_control:/opt/ros/humble /usr/local/bin/cmake --install /home/p/ws_demo2/build/ur_description
[0.753s] Level 1:colcon.colcon_core.environment:checking '/home/p/ws_demo2/install/ur_description' for CMake module files
[0.753s] Level 1:colcon.colcon_core.environment:checking '/home/p/ws_demo2/install/ur_description' for CMake config files
[0.755s] Level 1:colcon.colcon_core.shell:create_environment_hook('ur_description', 'cmake_prefix_path')
[0.755s] INFO:colcon.colcon_core.shell:Creating environment hook '/home/p/ws_demo2/install/ur_description/share/ur_description/hook/cmake_prefix_path.ps1'
[0.757s] INFO:colcon.colcon_core.shell:Creating environment descriptor '/home/p/ws_demo2/install/ur_description/share/ur_description/hook/cmake_prefix_path.dsv'
[0.758s] INFO:colcon.colcon_core.shell:Creating environment hook '/home/p/ws_demo2/install/ur_description/share/ur_description/hook/cmake_prefix_path.sh'
[0.759s] Level 1:colcon.colcon_core.environment:checking '/home/p/ws_demo2/install/ur_description/bin'
[0.759s] Level 1:colcon.colcon_core.environment:checking '/home/p/ws_demo2/install/ur_description/lib/pkgconfig/ur_description.pc'
[0.759s] Level 1:colcon.colcon_core.environment:checking '/home/p/ws_demo2/install/ur_description/lib/python3.10/site-packages'
[0.760s] Level 1:colcon.colcon_core.environment:checking '/home/p/ws_demo2/install/ur_description/bin'
[0.760s] INFO:colcon.colcon_core.shell:Creating package script '/home/p/ws_demo2/install/ur_description/share/ur_description/package.ps1'
[0.762s] INFO:colcon.colcon_core.shell:Creating package descriptor '/home/p/ws_demo2/install/ur_description/share/ur_description/package.dsv'
[0.762s] INFO:colcon.colcon_core.shell:Creating package script '/home/p/ws_demo2/install/ur_description/share/ur_description/package.sh'
[0.763s] INFO:colcon.colcon_core.shell:Creating package script '/home/p/ws_demo2/install/ur_description/share/ur_description/package.bash'
[0.764s] INFO:colcon.colcon_core.shell:Creating package script '/home/p/ws_demo2/install/ur_description/share/ur_description/package.zsh'
[0.765s] Level 1:colcon.colcon_core.environment:create_file_with_runtime_dependencies(/home/p/ws_demo2/install/ur_description/share/colcon-core/packages/ur_description)
[0.766s] Level 1:colcon.colcon_core.environment:create_environment_scripts_only(ur_description)
[0.767s] Level 1:colcon.colcon_core.environment:checking '/home/p/ws_demo2/install/ur_description' for CMake module files
[0.767s] Level 1:colcon.colcon_core.environment:checking '/home/p/ws_demo2/install/ur_description' for CMake config files
[0.768s] Level 1:colcon.colcon_core.shell:create_environment_hook('ur_description', 'cmake_prefix_path')
[0.768s] INFO:colcon.colcon_core.shell:Creating environment hook '/home/p/ws_demo2/install/ur_description/share/ur_description/hook/cmake_prefix_path.ps1'
[0.769s] INFO:colcon.colcon_core.shell:Creating environment descriptor '/home/p/ws_demo2/install/ur_description/share/ur_description/hook/cmake_prefix_path.dsv'
[0.770s] INFO:colcon.colcon_core.shell:Creating environment hook '/home/p/ws_demo2/install/ur_description/share/ur_description/hook/cmake_prefix_path.sh'
[0.770s] Level 1:colcon.colcon_core.environment:checking '/home/p/ws_demo2/install/ur_description/bin'
[0.770s] Level 1:colcon.colcon_core.environment:checking '/home/p/ws_demo2/install/ur_description/lib/pkgconfig/ur_description.pc'
[0.771s] Level 1:colcon.colcon_core.environment:checking '/home/p/ws_demo2/install/ur_description/lib/python3.10/site-packages'
[0.771s] Level 1:colcon.colcon_core.environment:checking '/home/p/ws_demo2/install/ur_description/bin'
[0.772s] INFO:colcon.colcon_core.shell:Creating package script '/home/p/ws_demo2/install/ur_description/share/ur_description/package.ps1'
[0.772s] INFO:colcon.colcon_core.shell:Creating package descriptor '/home/p/ws_demo2/install/ur_description/share/ur_description/package.dsv'
[0.773s] INFO:colcon.colcon_core.shell:Creating package script '/home/p/ws_demo2/install/ur_description/share/ur_description/package.sh'
[0.774s] INFO:colcon.colcon_core.shell:Creating package script '/home/p/ws_demo2/install/ur_description/share/ur_description/package.bash'
[0.775s] INFO:colcon.colcon_core.shell:Creating package script '/home/p/ws_demo2/install/ur_description/share/ur_description/package.zsh'
[0.775s] Level 1:colcon.colcon_core.environment:create_file_with_runtime_dependencies(/home/p/ws_demo2/install/ur_description/share/colcon-core/packages/ur_description)
[0.778s] DEBUG:colcon.colcon_core.event_handler.log_command:Invoked command in '/home/p/ws_demo2/build/camera_image' returned '0': CMAKE_PREFIX_PATH=${CMAKE_PREFIX_PATH}:/home/p/ws_moveit2/install/moveit_configs_utils:/home/p/ws_moveit2/install/launch_param_builder:/home/p/demo_ws2/install/ur20_joint_control:/home/p/demo_ws2/install/arm_joint_control:/opt/ros/humble /usr/local/bin/cmake --build /home/p/ws_demo2/build/camera_image -- -j16 -l16
[0.780s] DEBUG:colcon.colcon_core.event_handler.log_command:Invoking command in '/home/p/ws_demo2/build/camera_image': CMAKE_PREFIX_PATH=${CMAKE_PREFIX_PATH}:/home/p/ws_moveit2/install/moveit_configs_utils:/home/p/ws_moveit2/install/launch_param_builder:/home/p/demo_ws2/install/ur20_joint_control:/home/p/demo_ws2/install/arm_joint_control:/opt/ros/humble /usr/local/bin/cmake --install /home/p/ws_demo2/build/camera_image
[0.785s] Level 1:colcon.colcon_core.environment:create_environment_scripts_only(camera_image)
[0.786s] Level 1:colcon.colcon_core.environment:checking '/home/p/ws_demo2/install/camera_image' for CMake module files
[0.787s] DEBUG:colcon.colcon_core.event_handler.log_command:Invoked command in '/home/p/ws_demo2/build/camera_image' returned '0': CMAKE_PREFIX_PATH=${CMAKE_PREFIX_PATH}:/home/p/ws_moveit2/install/moveit_configs_utils:/home/p/ws_moveit2/install/launch_param_builder:/home/p/demo_ws2/install/ur20_joint_control:/home/p/demo_ws2/install/arm_joint_control:/opt/ros/humble /usr/local/bin/cmake --install /home/p/ws_demo2/build/camera_image
[0.787s] Level 1:colcon.colcon_core.environment:checking '/home/p/ws_demo2/install/camera_image' for CMake config files
[0.788s] Level 1:colcon.colcon_core.shell:create_environment_hook('camera_image', 'cmake_prefix_path')
[0.788s] INFO:colcon.colcon_core.shell:Creating environment hook '/home/p/ws_demo2/install/camera_image/share/camera_image/hook/cmake_prefix_path.ps1'
[0.789s] INFO:colcon.colcon_core.shell:Creating environment descriptor '/home/p/ws_demo2/install/camera_image/share/camera_image/hook/cmake_prefix_path.dsv'
[0.789s] INFO:colcon.colcon_core.shell:Creating environment hook '/home/p/ws_demo2/install/camera_image/share/camera_image/hook/cmake_prefix_path.sh'
[0.790s] Level 1:colcon.colcon_core.environment:checking '/home/p/ws_demo2/install/camera_image/lib'
[0.790s] Level 1:colcon.colcon_core.environment:checking '/home/p/ws_demo2/install/camera_image/bin'
[0.790s] Level 1:colcon.colcon_core.environment:checking '/home/p/ws_demo2/install/camera_image/lib/pkgconfig/camera_image.pc'
[0.791s] Level 1:colcon.colcon_core.environment:checking '/home/p/ws_demo2/install/camera_image/lib/python3.10/site-packages'
[0.791s] Level 1:colcon.colcon_core.environment:checking '/home/p/ws_demo2/install/camera_image/bin'
[0.791s] INFO:colcon.colcon_core.shell:Creating package script '/home/p/ws_demo2/install/camera_image/share/camera_image/package.ps1'
[0.792s] INFO:colcon.colcon_core.shell:Creating package descriptor '/home/p/ws_demo2/install/camera_image/share/camera_image/package.dsv'
[0.793s] INFO:colcon.colcon_core.shell:Creating package script '/home/p/ws_demo2/install/camera_image/share/camera_image/package.sh'
[0.793s] INFO:colcon.colcon_core.shell:Creating package script '/home/p/ws_demo2/install/camera_image/share/camera_image/package.bash'
[0.794s] INFO:colcon.colcon_core.shell:Creating package script '/home/p/ws_demo2/install/camera_image/share/camera_image/package.zsh'
[0.794s] Level 1:colcon.colcon_core.environment:create_file_with_runtime_dependencies(/home/p/ws_demo2/install/camera_image/share/colcon-core/packages/camera_image)
[0.795s] Level 1:colcon.colcon_core.environment:create_environment_scripts_only(camera_image)
[0.796s] Level 1:colcon.colcon_core.environment:checking '/home/p/ws_demo2/install/camera_image' for CMake module files
[0.797s] Level 1:colcon.colcon_core.environment:checking '/home/p/ws_demo2/install/camera_image' for CMake config files
[0.797s] Level 1:colcon.colcon_core.shell:create_environment_hook('camera_image', 'cmake_prefix_path')
[0.797s] INFO:colcon.colcon_core.shell:Creating environment hook '/home/p/ws_demo2/install/camera_image/share/camera_image/hook/cmake_prefix_path.ps1'
[0.798s] INFO:colcon.colcon_core.shell:Creating environment descriptor '/home/p/ws_demo2/install/camera_image/share/camera_image/hook/cmake_prefix_path.dsv'
[0.799s] INFO:colcon.colcon_core.shell:Creating environment hook '/home/p/ws_demo2/install/camera_image/share/camera_image/hook/cmake_prefix_path.sh'
[0.799s] Level 1:colcon.colcon_core.environment:checking '/home/p/ws_demo2/install/camera_image/lib'
[0.799s] Level 1:colcon.colcon_core.environment:checking '/home/p/ws_demo2/install/camera_image/bin'
[0.800s] Level 1:colcon.colcon_core.environment:checking '/home/p/ws_demo2/install/camera_image/lib/pkgconfig/camera_image.pc'
[0.800s] Level 1:colcon.colcon_core.environment:checking '/home/p/ws_demo2/install/camera_image/lib/python3.10/site-packages'
[0.800s] Level 1:colcon.colcon_core.environment:checking '/home/p/ws_demo2/install/camera_image/bin'
[0.801s] INFO:colcon.colcon_core.shell:Creating package script '/home/p/ws_demo2/install/camera_image/share/camera_image/package.ps1'
[0.801s] INFO:colcon.colcon_core.shell:Creating package descriptor '/home/p/ws_demo2/install/camera_image/share/camera_image/package.dsv'
[0.802s] INFO:colcon.colcon_core.shell:Creating package script '/home/p/ws_demo2/install/camera_image/share/camera_image/package.sh'
[0.803s] INFO:colcon.colcon_core.shell:Creating package script '/home/p/ws_demo2/install/camera_image/share/camera_image/package.bash'
[0.803s] INFO:colcon.colcon_core.shell:Creating package script '/home/p/ws_demo2/install/camera_image/share/camera_image/package.zsh'
[0.804s] Level 1:colcon.colcon_core.environment:create_file_with_runtime_dependencies(/home/p/ws_demo2/install/camera_image/share/colcon-core/packages/camera_image)
[1.159s] DEBUG:colcon.colcon_core.event_handler.log_command:Invoked command in '/home/p/ws_demo2/build/service_interfaces' returned '0': CMAKE_PREFIX_PATH=${CMAKE_PREFIX_PATH}:/home/p/ws_moveit2/install/moveit_configs_utils:/home/p/ws_moveit2/install/launch_param_builder:/home/p/demo_ws2/install/ur20_joint_control:/home/p/demo_ws2/install/arm_joint_control:/opt/ros/humble /usr/local/bin/cmake --build /home/p/ws_demo2/build/service_interfaces -- -j16 -l16
[1.161s] DEBUG:colcon.colcon_core.event_handler.log_command:Invoking command in '/home/p/ws_demo2/build/service_interfaces': CMAKE_PREFIX_PATH=${CMAKE_PREFIX_PATH}:/home/p/ws_moveit2/install/moveit_configs_utils:/home/p/ws_moveit2/install/launch_param_builder:/home/p/demo_ws2/install/ur20_joint_control:/home/p/demo_ws2/install/arm_joint_control:/opt/ros/humble /usr/local/bin/cmake --install /home/p/ws_demo2/build/service_interfaces
[1.238s] Level 1:colcon.colcon_core.environment:create_environment_scripts_only(service_interfaces)
[1.239s] Level 1:colcon.colcon_core.environment:checking '/home/p/ws_demo2/install/service_interfaces' for CMake module files
[1.240s] DEBUG:colcon.colcon_core.event_handler.log_command:Invoked command in '/home/p/ws_demo2/build/service_interfaces' returned '0': CMAKE_PREFIX_PATH=${CMAKE_PREFIX_PATH}:/home/p/ws_moveit2/install/moveit_configs_utils:/home/p/ws_moveit2/install/launch_param_builder:/home/p/demo_ws2/install/ur20_joint_control:/home/p/demo_ws2/install/arm_joint_control:/opt/ros/humble /usr/local/bin/cmake --install /home/p/ws_demo2/build/service_interfaces
[1.240s] Level 1:colcon.colcon_core.environment:checking '/home/p/ws_demo2/install/service_interfaces' for CMake config files
[1.241s] Level 1:colcon.colcon_core.shell:create_environment_hook('service_interfaces', 'cmake_prefix_path')
[1.241s] INFO:colcon.colcon_core.shell:Creating environment hook '/home/p/ws_demo2/install/service_interfaces/share/service_interfaces/hook/cmake_prefix_path.ps1'
[1.242s] INFO:colcon.colcon_core.shell:Creating environment descriptor '/home/p/ws_demo2/install/service_interfaces/share/service_interfaces/hook/cmake_prefix_path.dsv'
[1.242s] INFO:colcon.colcon_core.shell:Creating environment hook '/home/p/ws_demo2/install/service_interfaces/share/service_interfaces/hook/cmake_prefix_path.sh'
[1.243s] Level 1:colcon.colcon_core.environment:checking '/home/p/ws_demo2/install/service_interfaces/lib'
[1.243s] Level 1:colcon.colcon_core.shell:create_environment_hook('service_interfaces', 'ld_library_path_lib')
[1.243s] INFO:colcon.colcon_core.shell:Creating environment hook '/home/p/ws_demo2/install/service_interfaces/share/service_interfaces/hook/ld_library_path_lib.ps1'
[1.244s] INFO:colcon.colcon_core.shell:Creating environment descriptor '/home/p/ws_demo2/install/service_interfaces/share/service_interfaces/hook/ld_library_path_lib.dsv'
[1.244s] INFO:colcon.colcon_core.shell:Creating environment hook '/home/p/ws_demo2/install/service_interfaces/share/service_interfaces/hook/ld_library_path_lib.sh'
[1.245s] Level 1:colcon.colcon_core.environment:checking '/home/p/ws_demo2/install/service_interfaces/bin'
[1.245s] Level 1:colcon.colcon_core.environment:checking '/home/p/ws_demo2/install/service_interfaces/lib/pkgconfig/service_interfaces.pc'
[1.246s] Level 1:colcon.colcon_core.environment:checking '/home/p/ws_demo2/install/service_interfaces/lib/python3.10/site-packages'
[1.246s] Level 1:colcon.colcon_core.environment:checking '/home/p/ws_demo2/install/service_interfaces/bin'
[1.246s] INFO:colcon.colcon_core.shell:Creating package script '/home/p/ws_demo2/install/service_interfaces/share/service_interfaces/package.ps1'
[1.247s] INFO:colcon.colcon_core.shell:Creating package descriptor '/home/p/ws_demo2/install/service_interfaces/share/service_interfaces/package.dsv'
[1.248s] INFO:colcon.colcon_core.shell:Creating package script '/home/p/ws_demo2/install/service_interfaces/share/service_interfaces/package.sh'
[1.248s] INFO:colcon.colcon_core.shell:Creating package script '/home/p/ws_demo2/install/service_interfaces/share/service_interfaces/package.bash'
[1.249s] INFO:colcon.colcon_core.shell:Creating package script '/home/p/ws_demo2/install/service_interfaces/share/service_interfaces/package.zsh'
[1.249s] Level 1:colcon.colcon_core.environment:create_file_with_runtime_dependencies(/home/p/ws_demo2/install/service_interfaces/share/colcon-core/packages/service_interfaces)
[1.250s] Level 1:colcon.colcon_core.environment:create_environment_scripts_only(service_interfaces)
[1.251s] Level 1:colcon.colcon_core.environment:checking '/home/p/ws_demo2/install/service_interfaces' for CMake module files
[1.251s] Level 1:colcon.colcon_core.environment:checking '/home/p/ws_demo2/install/service_interfaces' for CMake config files
[1.252s] Level 1:colcon.colcon_core.shell:create_environment_hook('service_interfaces', 'cmake_prefix_path')
[1.252s] INFO:colcon.colcon_core.shell:Creating environment hook '/home/p/ws_demo2/install/service_interfaces/share/service_interfaces/hook/cmake_prefix_path.ps1'
[1.253s] INFO:colcon.colcon_core.shell:Creating environment descriptor '/home/p/ws_demo2/install/service_interfaces/share/service_interfaces/hook/cmake_prefix_path.dsv'
[1.253s] INFO:colcon.colcon_core.shell:Creating environment hook '/home/p/ws_demo2/install/service_interfaces/share/service_interfaces/hook/cmake_prefix_path.sh'
[1.254s] Level 1:colcon.colcon_core.environment:checking '/home/p/ws_demo2/install/service_interfaces/lib'
[1.254s] Level 1:colcon.colcon_core.shell:create_environment_hook('service_interfaces', 'ld_library_path_lib')
[1.254s] INFO:colcon.colcon_core.shell:Creating environment hook '/home/p/ws_demo2/install/service_interfaces/share/service_interfaces/hook/ld_library_path_lib.ps1'
[1.255s] INFO:colcon.colcon_core.shell:Creating environment descriptor '/home/p/ws_demo2/install/service_interfaces/share/service_interfaces/hook/ld_library_path_lib.dsv'
[1.255s] INFO:colcon.colcon_core.shell:Creating environment hook '/home/p/ws_demo2/install/service_interfaces/share/service_interfaces/hook/ld_library_path_lib.sh'
[1.256s] Level 1:colcon.colcon_core.environment:checking '/home/p/ws_demo2/install/service_interfaces/bin'
[1.256s] Level 1:colcon.colcon_core.environment:checking '/home/p/ws_demo2/install/service_interfaces/lib/pkgconfig/service_interfaces.pc'
[1.256s] Level 1:colcon.colcon_core.environment:checking '/home/p/ws_demo2/install/service_interfaces/lib/python3.10/site-packages'
[1.257s] Level 1:colcon.colcon_core.environment:checking '/home/p/ws_demo2/install/service_interfaces/bin'
[1.257s] INFO:colcon.colcon_core.shell:Creating package script '/home/p/ws_demo2/install/service_interfaces/share/service_interfaces/package.ps1'
[1.258s] INFO:colcon.colcon_core.shell:Creating package descriptor '/home/p/ws_demo2/install/service_interfaces/share/service_interfaces/package.dsv'
[1.259s] INFO:colcon.colcon_core.shell:Creating package script '/home/p/ws_demo2/install/service_interfaces/share/service_interfaces/package.sh'
[1.259s] INFO:colcon.colcon_core.shell:Creating package script '/home/p/ws_demo2/install/service_interfaces/share/service_interfaces/package.bash'
[1.260s] INFO:colcon.colcon_core.shell:Creating package script '/home/p/ws_demo2/install/service_interfaces/share/service_interfaces/package.zsh'
[1.260s] Level 1:colcon.colcon_core.environment:create_file_with_runtime_dependencies(/home/p/ws_demo2/install/service_interfaces/share/colcon-core/packages/service_interfaces)
[1.261s] INFO:colcon.colcon_ros.task.ament_cmake.build:Building ROS package in '/home/p/ws_demo2/src/ibvs' with build type 'ament_cmake'
[1.261s] INFO:colcon.colcon_cmake.task.cmake.build:Building CMake package in '/home/p/ws_demo2/src/ibvs'
[1.261s] INFO:colcon.colcon_core.shell:Skip shell extension 'powershell' for command environment: Not usable outside of PowerShell
[1.262s] DEBUG:colcon.colcon_core.shell:Skip shell extension 'dsv' for command environment
[1.274s] INFO:colcon.colcon_ros.task.ament_cmake.build:Building ROS package in '/home/p/ws_demo2/src/ik' with build type 'ament_cmake'
[1.274s] INFO:colcon.colcon_cmake.task.cmake.build:Building CMake package in '/home/p/ws_demo2/src/ik'
[1.274s] INFO:colcon.colcon_core.shell:Skip shell extension 'powershell' for command environment: Not usable outside of PowerShell
[1.274s] DEBUG:colcon.colcon_core.shell:Skip shell extension 'dsv' for command environment
[1.291s] DEBUG:colcon.colcon_core.event_handler.log_command:Invoking command in '/home/p/ws_demo2/build/ibvs': CMAKE_PREFIX_PATH=/home/p/ws_demo2/install/service_interfaces:/home/p/ws_moveit2/install/pilz_industrial_motion_planner_testutils:/home/p/ws_moveit2/install/moveit_runtime:/home/p/ws_moveit2/install/moveit2_tutorials:/home/p/ws_moveit2/install/moveit:/home/p/ws_moveit2/install/moveit_planners:/home/p/ws_moveit2/install/pilz_industrial_motion_planner:/home/p/ws_moveit2/install/moveit_visual_tools:/home/p/ws_moveit2/install/moveit_task_constructor_visualization:/home/p/ws_moveit2/install/moveit_task_constructor_demo:/home/p/ws_moveit2/install/moveit_task_constructor_capabilities:/home/p/ws_moveit2/install/moveit_task_constructor_core:/home/p/ws_moveit2/install/moveit_ros_control_interface:/home/p/ws_moveit2/install/moveit_plugins:/home/p/ws_moveit2/install/moveit_simple_controller_manager:/home/p/ws_moveit2/install/moveit_setup_assistant:/home/p/ws_moveit2/install/moveit_setup_srdf_plugins:/home/p/ws_moveit2/install/moveit_setup_core_plugins:/home/p/ws_moveit2/install/moveit_setup_controllers:/home/p/ws_moveit2/install/moveit_setup_app_plugins:/home/p/ws_moveit2/install/moveit_setup_framework:/home/p/ws_moveit2/install/moveit_servo:/home/p/ws_moveit2/install/moveit_ros:/home/p/ws_moveit2/install/moveit_ros_visualization:/home/p/ws_moveit2/install/moveit_hybrid_planning:/home/p/ws_moveit2/install/moveit_ros_planning_interface:/home/p/ws_moveit2/install/moveit_ros_benchmarks:/home/p/ws_moveit2/install/moveit_ros_warehouse:/home/p/ws_moveit2/install/moveit_ros_robot_interaction:/home/p/ws_moveit2/install/moveit_ros_perception:/home/p/ws_moveit2/install/moveit_resources_prbt_pg70_support:/home/p/ws_moveit2/install/moveit_resources_prbt_moveit_config:/home/p/ws_moveit2/install/moveit_ros_move_group:/home/p/ws_moveit2/install/moveit_planners_ompl:/home/p/ws_moveit2/install/moveit_ros_planning:/home/p/ws_moveit2/install/moveit_ros_occupancy_map_monitor:/home/p/ws_moveit2/install/moveit_resources_prbt_ikfast_manipulator_plugin:/home/p/ws_moveit2/install/moveit_planners_chomp:/home/p/ws_moveit2/install/moveit_kinematics:/home/p/ws_moveit2/install/moveit_chomp_optimizer_adapter:/home/p/ws_moveit2/install/chomp_motion_planner:/home/p/ws_moveit2/install/moveit_core:/home/p/ws_moveit2/install/srdfdom:/home/p/ws_moveit2/install/rviz_marker_tools:/home/p/ws_moveit2/install/rosparam_shortcuts:/home/p/ws_moveit2/install/moveit_task_constructor_msgs:/home/p/ws_moveit2/install/moveit_resources_prbt_support:/home/p/ws_moveit2/install/moveit_resources:/home/p/ws_moveit2/install/moveit_resources_pr2_description:/home/p/ws_moveit2/install/moveit_resources_panda_moveit_config:/home/p/ws_moveit2/install/moveit_resources_panda_description:/home/p/ws_moveit2/install/moveit_resources_fanuc_moveit_config:/home/p/ws_moveit2/install/moveit_resources_fanuc_description:/home/p/ws_moveit2/install/moveit_common:/home/p/ws_demo1/install/ibvs_test:/home/p/demo_ws2/install/ur20_moveit_config:/home/p/demo_ws2/install/ur20_description:/home/p/demo_ws2/install/robotiq_description:/home/p/ws_demo2/install/ur_description:/home/p/ws_demo2/install/ik:/home/p/ws_demo2/install/ibvs:/home/p/ws_demo2/install/camera_image:/home/p/ws_moveit2/install/moveit_configs_utils:/home/p/ws_moveit2/install/launch_param_builder:/home/p/demo_ws2/install/ur20_joint_control:/home/p/demo_ws2/install/arm_joint_control:/opt/ros/humble LD_LIBRARY_PATH=/home/p/ws_demo2/install/service_interfaces/lib:/home/p/TensorRT_ws/TensorRT-8.6.1.6/lib:/usr/local/cuda-11.8/lib64:/home/p/ws_moveit2/install/pilz_industrial_motion_planner_testutils/lib:/home/p/ws_moveit2/install/pilz_industrial_motion_planner/lib:/home/p/ws_moveit2/install/moveit_visual_tools/lib:/home/p/ws_moveit2/install/moveit_task_constructor_visualization/lib:/home/p/ws_moveit2/install/moveit_task_constructor_demo/lib:/home/p/ws_moveit2/install/moveit_task_constructor_capabilities/lib:/home/p/ws_moveit2/install/moveit_task_constructor_core/lib:/home/p/ws_moveit2/install/moveit_ros_control_interface/lib:/home/p/ws_moveit2/install/moveit_simple_controller_manager/lib:/home/p/ws_moveit2/install/moveit_setup_assistant/lib:/home/p/ws_moveit2/install/moveit_setup_srdf_plugins/lib:/home/p/ws_moveit2/install/moveit_setup_core_plugins/lib:/home/p/ws_moveit2/install/moveit_setup_controllers/lib:/home/p/ws_moveit2/install/moveit_setup_app_plugins/lib:/home/p/ws_moveit2/install/moveit_setup_framework/lib:/home/p/ws_moveit2/install/moveit_servo/lib:/home/p/ws_moveit2/install/moveit_ros_visualization/lib:/home/p/ws_moveit2/install/moveit_hybrid_planning/lib:/home/p/ws_moveit2/install/moveit_ros_planning_interface/lib:/home/p/ws_moveit2/install/moveit_ros_benchmarks/lib:/home/p/ws_moveit2/install/moveit_ros_warehouse/lib:/home/p/ws_moveit2/install/moveit_ros_robot_interaction/lib:/home/p/ws_moveit2/install/moveit_ros_perception/lib:/home/p/ws_moveit2/install/moveit_ros_move_group/lib:/home/p/ws_moveit2/install/moveit_planners_ompl/lib:/home/p/ws_moveit2/install/moveit_ros_planning/lib:/home/p/ws_moveit2/install/moveit_ros_occupancy_map_monitor/lib:/home/p/ws_moveit2/install/moveit_resources_prbt_ikfast_manipulator_plugin/lib:/home/p/ws_moveit2/install/moveit_planners_chomp/lib:/home/p/ws_moveit2/install/moveit_kinematics/lib:/home/p/ws_moveit2/install/moveit_chomp_optimizer_adapter/lib:/home/p/ws_moveit2/install/chomp_motion_planner/lib:/home/p/ws_moveit2/install/moveit_core/lib:/home/p/ws_moveit2/install/srdfdom/lib:/home/p/ws_moveit2/install/rviz_marker_tools/lib:/home/p/ws_moveit2/install/rosparam_shortcuts/lib:/home/p/ws_moveit2/install/moveit_task_constructor_msgs/lib:/usr/lib/x86_64-linux-gnu/gazebo-11/plugins:/opt/ros/humble/opt/rviz_ogre_vendor/lib:/opt/ros/humble/lib/x86_64-linux-gnu:/opt/ros/humble/lib:/usr/share/gazebo/../../lib/x86_64-linux-gnu/gazebo-11/plugins /usr/local/bin/cmake --build /home/p/ws_demo2/build/ibvs -- -j16 -l16
[1.299s] DEBUG:colcon.colcon_core.event_handler.log_command:Invoking command in '/home/p/ws_demo2/build/ik': CMAKE_PREFIX_PATH=/home/p/ws_demo2/install/service_interfaces:/home/p/ws_moveit2/install/pilz_industrial_motion_planner_testutils:/home/p/ws_moveit2/install/moveit_runtime:/home/p/ws_moveit2/install/moveit2_tutorials:/home/p/ws_moveit2/install/moveit:/home/p/ws_moveit2/install/moveit_planners:/home/p/ws_moveit2/install/pilz_industrial_motion_planner:/home/p/ws_moveit2/install/moveit_visual_tools:/home/p/ws_moveit2/install/moveit_task_constructor_visualization:/home/p/ws_moveit2/install/moveit_task_constructor_demo:/home/p/ws_moveit2/install/moveit_task_constructor_capabilities:/home/p/ws_moveit2/install/moveit_task_constructor_core:/home/p/ws_moveit2/install/moveit_ros_control_interface:/home/p/ws_moveit2/install/moveit_plugins:/home/p/ws_moveit2/install/moveit_simple_controller_manager:/home/p/ws_moveit2/install/moveit_setup_assistant:/home/p/ws_moveit2/install/moveit_setup_srdf_plugins:/home/p/ws_moveit2/install/moveit_setup_core_plugins:/home/p/ws_moveit2/install/moveit_setup_controllers:/home/p/ws_moveit2/install/moveit_setup_app_plugins:/home/p/ws_moveit2/install/moveit_setup_framework:/home/p/ws_moveit2/install/moveit_servo:/home/p/ws_moveit2/install/moveit_ros:/home/p/ws_moveit2/install/moveit_ros_visualization:/home/p/ws_moveit2/install/moveit_hybrid_planning:/home/p/ws_moveit2/install/moveit_ros_planning_interface:/home/p/ws_moveit2/install/moveit_ros_benchmarks:/home/p/ws_moveit2/install/moveit_ros_warehouse:/home/p/ws_moveit2/install/moveit_ros_robot_interaction:/home/p/ws_moveit2/install/moveit_ros_perception:/home/p/ws_moveit2/install/moveit_resources_prbt_pg70_support:/home/p/ws_moveit2/install/moveit_resources_prbt_moveit_config:/home/p/ws_moveit2/install/moveit_ros_move_group:/home/p/ws_moveit2/install/moveit_planners_ompl:/home/p/ws_moveit2/install/moveit_ros_planning:/home/p/ws_moveit2/install/moveit_ros_occupancy_map_monitor:/home/p/ws_moveit2/install/moveit_resources_prbt_ikfast_manipulator_plugin:/home/p/ws_moveit2/install/moveit_planners_chomp:/home/p/ws_moveit2/install/moveit_kinematics:/home/p/ws_moveit2/install/moveit_chomp_optimizer_adapter:/home/p/ws_moveit2/install/chomp_motion_planner:/home/p/ws_moveit2/install/moveit_core:/home/p/ws_moveit2/install/srdfdom:/home/p/ws_moveit2/install/rviz_marker_tools:/home/p/ws_moveit2/install/rosparam_shortcuts:/home/p/ws_moveit2/install/moveit_task_constructor_msgs:/home/p/ws_moveit2/install/moveit_resources_prbt_support:/home/p/ws_moveit2/install/moveit_resources:/home/p/ws_moveit2/install/moveit_resources_pr2_description:/home/p/ws_moveit2/install/moveit_resources_panda_moveit_config:/home/p/ws_moveit2/install/moveit_resources_panda_description:/home/p/ws_moveit2/install/moveit_resources_fanuc_moveit_config:/home/p/ws_moveit2/install/moveit_resources_fanuc_description:/home/p/ws_moveit2/install/moveit_common:/home/p/ws_demo1/install/ibvs_test:/home/p/demo_ws2/install/ur20_moveit_config:/home/p/demo_ws2/install/ur20_description:/home/p/demo_ws2/install/robotiq_description:/home/p/ws_demo2/install/ur_description:/home/p/ws_demo2/install/ik:/home/p/ws_demo2/install/ibvs:/home/p/ws_demo2/install/camera_image:/home/p/ws_moveit2/install/moveit_configs_utils:/home/p/ws_moveit2/install/launch_param_builder:/home/p/demo_ws2/install/ur20_joint_control:/home/p/demo_ws2/install/arm_joint_control:/opt/ros/humble LD_LIBRARY_PATH=/home/p/ws_demo2/install/service_interfaces/lib:/home/p/TensorRT_ws/TensorRT-8.6.1.6/lib:/usr/local/cuda-11.8/lib64:/home/p/ws_moveit2/install/pilz_industrial_motion_planner_testutils/lib:/home/p/ws_moveit2/install/pilz_industrial_motion_planner/lib:/home/p/ws_moveit2/install/moveit_visual_tools/lib:/home/p/ws_moveit2/install/moveit_task_constructor_visualization/lib:/home/p/ws_moveit2/install/moveit_task_constructor_demo/lib:/home/p/ws_moveit2/install/moveit_task_constructor_capabilities/lib:/home/p/ws_moveit2/install/moveit_task_constructor_core/lib:/home/p/ws_moveit2/install/moveit_ros_control_interface/lib:/home/p/ws_moveit2/install/moveit_simple_controller_manager/lib:/home/p/ws_moveit2/install/moveit_setup_assistant/lib:/home/p/ws_moveit2/install/moveit_setup_srdf_plugins/lib:/home/p/ws_moveit2/install/moveit_setup_core_plugins/lib:/home/p/ws_moveit2/install/moveit_setup_controllers/lib:/home/p/ws_moveit2/install/moveit_setup_app_plugins/lib:/home/p/ws_moveit2/install/moveit_setup_framework/lib:/home/p/ws_moveit2/install/moveit_servo/lib:/home/p/ws_moveit2/install/moveit_ros_visualization/lib:/home/p/ws_moveit2/install/moveit_hybrid_planning/lib:/home/p/ws_moveit2/install/moveit_ros_planning_interface/lib:/home/p/ws_moveit2/install/moveit_ros_benchmarks/lib:/home/p/ws_moveit2/install/moveit_ros_warehouse/lib:/home/p/ws_moveit2/install/moveit_ros_robot_interaction/lib:/home/p/ws_moveit2/install/moveit_ros_perception/lib:/home/p/ws_moveit2/install/moveit_ros_move_group/lib:/home/p/ws_moveit2/install/moveit_planners_ompl/lib:/home/p/ws_moveit2/install/moveit_ros_planning/lib:/home/p/ws_moveit2/install/moveit_ros_occupancy_map_monitor/lib:/home/p/ws_moveit2/install/moveit_resources_prbt_ikfast_manipulator_plugin/lib:/home/p/ws_moveit2/install/moveit_planners_chomp/lib:/home/p/ws_moveit2/install/moveit_kinematics/lib:/home/p/ws_moveit2/install/moveit_chomp_optimizer_adapter/lib:/home/p/ws_moveit2/install/chomp_motion_planner/lib:/home/p/ws_moveit2/install/moveit_core/lib:/home/p/ws_moveit2/install/srdfdom/lib:/home/p/ws_moveit2/install/rviz_marker_tools/lib:/home/p/ws_moveit2/install/rosparam_shortcuts/lib:/home/p/ws_moveit2/install/moveit_task_constructor_msgs/lib:/usr/lib/x86_64-linux-gnu/gazebo-11/plugins:/opt/ros/humble/opt/rviz_ogre_vendor/lib:/opt/ros/humble/lib/x86_64-linux-gnu:/opt/ros/humble/lib:/usr/share/gazebo/../../lib/x86_64-linux-gnu/gazebo-11/plugins /usr/local/bin/cmake --build /home/p/ws_demo2/build/ik -- -j16 -l16
[1.346s] DEBUG:colcon.colcon_core.event_handler.log_command:Invoked command in '/home/p/ws_demo2/build/ibvs' returned '0': CMAKE_PREFIX_PATH=/home/p/ws_demo2/install/service_interfaces:/home/p/ws_moveit2/install/pilz_industrial_motion_planner_testutils:/home/p/ws_moveit2/install/moveit_runtime:/home/p/ws_moveit2/install/moveit2_tutorials:/home/p/ws_moveit2/install/moveit:/home/p/ws_moveit2/install/moveit_planners:/home/p/ws_moveit2/install/pilz_industrial_motion_planner:/home/p/ws_moveit2/install/moveit_visual_tools:/home/p/ws_moveit2/install/moveit_task_constructor_visualization:/home/p/ws_moveit2/install/moveit_task_constructor_demo:/home/p/ws_moveit2/install/moveit_task_constructor_capabilities:/home/p/ws_moveit2/install/moveit_task_constructor_core:/home/p/ws_moveit2/install/moveit_ros_control_interface:/home/p/ws_moveit2/install/moveit_plugins:/home/p/ws_moveit2/install/moveit_simple_controller_manager:/home/p/ws_moveit2/install/moveit_setup_assistant:/home/p/ws_moveit2/install/moveit_setup_srdf_plugins:/home/p/ws_moveit2/install/moveit_setup_core_plugins:/home/p/ws_moveit2/install/moveit_setup_controllers:/home/p/ws_moveit2/install/moveit_setup_app_plugins:/home/p/ws_moveit2/install/moveit_setup_framework:/home/p/ws_moveit2/install/moveit_servo:/home/p/ws_moveit2/install/moveit_ros:/home/p/ws_moveit2/install/moveit_ros_visualization:/home/p/ws_moveit2/install/moveit_hybrid_planning:/home/p/ws_moveit2/install/moveit_ros_planning_interface:/home/p/ws_moveit2/install/moveit_ros_benchmarks:/home/p/ws_moveit2/install/moveit_ros_warehouse:/home/p/ws_moveit2/install/moveit_ros_robot_interaction:/home/p/ws_moveit2/install/moveit_ros_perception:/home/p/ws_moveit2/install/moveit_resources_prbt_pg70_support:/home/p/ws_moveit2/install/moveit_resources_prbt_moveit_config:/home/p/ws_moveit2/install/moveit_ros_move_group:/home/p/ws_moveit2/install/moveit_planners_ompl:/home/p/ws_moveit2/install/moveit_ros_planning:/home/p/ws_moveit2/install/moveit_ros_occupancy_map_monitor:/home/p/ws_moveit2/install/moveit_resources_prbt_ikfast_manipulator_plugin:/home/p/ws_moveit2/install/moveit_planners_chomp:/home/p/ws_moveit2/install/moveit_kinematics:/home/p/ws_moveit2/install/moveit_chomp_optimizer_adapter:/home/p/ws_moveit2/install/chomp_motion_planner:/home/p/ws_moveit2/install/moveit_core:/home/p/ws_moveit2/install/srdfdom:/home/p/ws_moveit2/install/rviz_marker_tools:/home/p/ws_moveit2/install/rosparam_shortcuts:/home/p/ws_moveit2/install/moveit_task_constructor_msgs:/home/p/ws_moveit2/install/moveit_resources_prbt_support:/home/p/ws_moveit2/install/moveit_resources:/home/p/ws_moveit2/install/moveit_resources_pr2_description:/home/p/ws_moveit2/install/moveit_resources_panda_moveit_config:/home/p/ws_moveit2/install/moveit_resources_panda_description:/home/p/ws_moveit2/install/moveit_resources_fanuc_moveit_config:/home/p/ws_moveit2/install/moveit_resources_fanuc_description:/home/p/ws_moveit2/install/moveit_common:/home/p/ws_demo1/install/ibvs_test:/home/p/demo_ws2/install/ur20_moveit_config:/home/p/demo_ws2/install/ur20_description:/home/p/demo_ws2/install/robotiq_description:/home/p/ws_demo2/install/ur_description:/home/p/ws_demo2/install/ik:/home/p/ws_demo2/install/ibvs:/home/p/ws_demo2/install/camera_image:/home/p/ws_moveit2/install/moveit_configs_utils:/home/p/ws_moveit2/install/launch_param_builder:/home/p/demo_ws2/install/ur20_joint_control:/home/p/demo_ws2/install/arm_joint_control:/opt/ros/humble LD_LIBRARY_PATH=/home/p/ws_demo2/install/service_interfaces/lib:/home/p/TensorRT_ws/TensorRT-8.6.1.6/lib:/usr/local/cuda-11.8/lib64:/home/p/ws_moveit2/install/pilz_industrial_motion_planner_testutils/lib:/home/p/ws_moveit2/install/pilz_industrial_motion_planner/lib:/home/p/ws_moveit2/install/moveit_visual_tools/lib:/home/p/ws_moveit2/install/moveit_task_constructor_visualization/lib:/home/p/ws_moveit2/install/moveit_task_constructor_demo/lib:/home/p/ws_moveit2/install/moveit_task_constructor_capabilities/lib:/home/p/ws_moveit2/install/moveit_task_constructor_core/lib:/home/p/ws_moveit2/install/moveit_ros_control_interface/lib:/home/p/ws_moveit2/install/moveit_simple_controller_manager/lib:/home/p/ws_moveit2/install/moveit_setup_assistant/lib:/home/p/ws_moveit2/install/moveit_setup_srdf_plugins/lib:/home/p/ws_moveit2/install/moveit_setup_core_plugins/lib:/home/p/ws_moveit2/install/moveit_setup_controllers/lib:/home/p/ws_moveit2/install/moveit_setup_app_plugins/lib:/home/p/ws_moveit2/install/moveit_setup_framework/lib:/home/p/ws_moveit2/install/moveit_servo/lib:/home/p/ws_moveit2/install/moveit_ros_visualization/lib:/home/p/ws_moveit2/install/moveit_hybrid_planning/lib:/home/p/ws_moveit2/install/moveit_ros_planning_interface/lib:/home/p/ws_moveit2/install/moveit_ros_benchmarks/lib:/home/p/ws_moveit2/install/moveit_ros_warehouse/lib:/home/p/ws_moveit2/install/moveit_ros_robot_interaction/lib:/home/p/ws_moveit2/install/moveit_ros_perception/lib:/home/p/ws_moveit2/install/moveit_ros_move_group/lib:/home/p/ws_moveit2/install/moveit_planners_ompl/lib:/home/p/ws_moveit2/install/moveit_ros_planning/lib:/home/p/ws_moveit2/install/moveit_ros_occupancy_map_monitor/lib:/home/p/ws_moveit2/install/moveit_resources_prbt_ikfast_manipulator_plugin/lib:/home/p/ws_moveit2/install/moveit_planners_chomp/lib:/home/p/ws_moveit2/install/moveit_kinematics/lib:/home/p/ws_moveit2/install/moveit_chomp_optimizer_adapter/lib:/home/p/ws_moveit2/install/chomp_motion_planner/lib:/home/p/ws_moveit2/install/moveit_core/lib:/home/p/ws_moveit2/install/srdfdom/lib:/home/p/ws_moveit2/install/rviz_marker_tools/lib:/home/p/ws_moveit2/install/rosparam_shortcuts/lib:/home/p/ws_moveit2/install/moveit_task_constructor_msgs/lib:/usr/lib/x86_64-linux-gnu/gazebo-11/plugins:/opt/ros/humble/opt/rviz_ogre_vendor/lib:/opt/ros/humble/lib/x86_64-linux-gnu:/opt/ros/humble/lib:/usr/share/gazebo/../../lib/x86_64-linux-gnu/gazebo-11/plugins /usr/local/bin/cmake --build /home/p/ws_demo2/build/ibvs -- -j16 -l16
[1.349s] DEBUG:colcon.colcon_core.event_handler.log_command:Invoking command in '/home/p/ws_demo2/build/ibvs': CMAKE_PREFIX_PATH=/home/p/ws_demo2/install/service_interfaces:/home/p/ws_moveit2/install/pilz_industrial_motion_planner_testutils:/home/p/ws_moveit2/install/moveit_runtime:/home/p/ws_moveit2/install/moveit2_tutorials:/home/p/ws_moveit2/install/moveit:/home/p/ws_moveit2/install/moveit_planners:/home/p/ws_moveit2/install/pilz_industrial_motion_planner:/home/p/ws_moveit2/install/moveit_visual_tools:/home/p/ws_moveit2/install/moveit_task_constructor_visualization:/home/p/ws_moveit2/install/moveit_task_constructor_demo:/home/p/ws_moveit2/install/moveit_task_constructor_capabilities:/home/p/ws_moveit2/install/moveit_task_constructor_core:/home/p/ws_moveit2/install/moveit_ros_control_interface:/home/p/ws_moveit2/install/moveit_plugins:/home/p/ws_moveit2/install/moveit_simple_controller_manager:/home/p/ws_moveit2/install/moveit_setup_assistant:/home/p/ws_moveit2/install/moveit_setup_srdf_plugins:/home/p/ws_moveit2/install/moveit_setup_core_plugins:/home/p/ws_moveit2/install/moveit_setup_controllers:/home/p/ws_moveit2/install/moveit_setup_app_plugins:/home/p/ws_moveit2/install/moveit_setup_framework:/home/p/ws_moveit2/install/moveit_servo:/home/p/ws_moveit2/install/moveit_ros:/home/p/ws_moveit2/install/moveit_ros_visualization:/home/p/ws_moveit2/install/moveit_hybrid_planning:/home/p/ws_moveit2/install/moveit_ros_planning_interface:/home/p/ws_moveit2/install/moveit_ros_benchmarks:/home/p/ws_moveit2/install/moveit_ros_warehouse:/home/p/ws_moveit2/install/moveit_ros_robot_interaction:/home/p/ws_moveit2/install/moveit_ros_perception:/home/p/ws_moveit2/install/moveit_resources_prbt_pg70_support:/home/p/ws_moveit2/install/moveit_resources_prbt_moveit_config:/home/p/ws_moveit2/install/moveit_ros_move_group:/home/p/ws_moveit2/install/moveit_planners_ompl:/home/p/ws_moveit2/install/moveit_ros_planning:/home/p/ws_moveit2/install/moveit_ros_occupancy_map_monitor:/home/p/ws_moveit2/install/moveit_resources_prbt_ikfast_manipulator_plugin:/home/p/ws_moveit2/install/moveit_planners_chomp:/home/p/ws_moveit2/install/moveit_kinematics:/home/p/ws_moveit2/install/moveit_chomp_optimizer_adapter:/home/p/ws_moveit2/install/chomp_motion_planner:/home/p/ws_moveit2/install/moveit_core:/home/p/ws_moveit2/install/srdfdom:/home/p/ws_moveit2/install/rviz_marker_tools:/home/p/ws_moveit2/install/rosparam_shortcuts:/home/p/ws_moveit2/install/moveit_task_constructor_msgs:/home/p/ws_moveit2/install/moveit_resources_prbt_support:/home/p/ws_moveit2/install/moveit_resources:/home/p/ws_moveit2/install/moveit_resources_pr2_description:/home/p/ws_moveit2/install/moveit_resources_panda_moveit_config:/home/p/ws_moveit2/install/moveit_resources_panda_description:/home/p/ws_moveit2/install/moveit_resources_fanuc_moveit_config:/home/p/ws_moveit2/install/moveit_resources_fanuc_description:/home/p/ws_moveit2/install/moveit_common:/home/p/ws_demo1/install/ibvs_test:/home/p/demo_ws2/install/ur20_moveit_config:/home/p/demo_ws2/install/ur20_description:/home/p/demo_ws2/install/robotiq_description:/home/p/ws_demo2/install/ur_description:/home/p/ws_demo2/install/ik:/home/p/ws_demo2/install/ibvs:/home/p/ws_demo2/install/camera_image:/home/p/ws_moveit2/install/moveit_configs_utils:/home/p/ws_moveit2/install/launch_param_builder:/home/p/demo_ws2/install/ur20_joint_control:/home/p/demo_ws2/install/arm_joint_control:/opt/ros/humble LD_LIBRARY_PATH=/home/p/ws_demo2/install/service_interfaces/lib:/home/p/TensorRT_ws/TensorRT-8.6.1.6/lib:/usr/local/cuda-11.8/lib64:/home/p/ws_moveit2/install/pilz_industrial_motion_planner_testutils/lib:/home/p/ws_moveit2/install/pilz_industrial_motion_planner/lib:/home/p/ws_moveit2/install/moveit_visual_tools/lib:/home/p/ws_moveit2/install/moveit_task_constructor_visualization/lib:/home/p/ws_moveit2/install/moveit_task_constructor_demo/lib:/home/p/ws_moveit2/install/moveit_task_constructor_capabilities/lib:/home/p/ws_moveit2/install/moveit_task_constructor_core/lib:/home/p/ws_moveit2/install/moveit_ros_control_interface/lib:/home/p/ws_moveit2/install/moveit_simple_controller_manager/lib:/home/p/ws_moveit2/install/moveit_setup_assistant/lib:/home/p/ws_moveit2/install/moveit_setup_srdf_plugins/lib:/home/p/ws_moveit2/install/moveit_setup_core_plugins/lib:/home/p/ws_moveit2/install/moveit_setup_controllers/lib:/home/p/ws_moveit2/install/moveit_setup_app_plugins/lib:/home/p/ws_moveit2/install/moveit_setup_framework/lib:/home/p/ws_moveit2/install/moveit_servo/lib:/home/p/ws_moveit2/install/moveit_ros_visualization/lib:/home/p/ws_moveit2/install/moveit_hybrid_planning/lib:/home/p/ws_moveit2/install/moveit_ros_planning_interface/lib:/home/p/ws_moveit2/install/moveit_ros_benchmarks/lib:/home/p/ws_moveit2/install/moveit_ros_warehouse/lib:/home/p/ws_moveit2/install/moveit_ros_robot_interaction/lib:/home/p/ws_moveit2/install/moveit_ros_perception/lib:/home/p/ws_moveit2/install/moveit_ros_move_group/lib:/home/p/ws_moveit2/install/moveit_planners_ompl/lib:/home/p/ws_moveit2/install/moveit_ros_planning/lib:/home/p/ws_moveit2/install/moveit_ros_occupancy_map_monitor/lib:/home/p/ws_moveit2/install/moveit_resources_prbt_ikfast_manipulator_plugin/lib:/home/p/ws_moveit2/install/moveit_planners_chomp/lib:/home/p/ws_moveit2/install/moveit_kinematics/lib:/home/p/ws_moveit2/install/moveit_chomp_optimizer_adapter/lib:/home/p/ws_moveit2/install/chomp_motion_planner/lib:/home/p/ws_moveit2/install/moveit_core/lib:/home/p/ws_moveit2/install/srdfdom/lib:/home/p/ws_moveit2/install/rviz_marker_tools/lib:/home/p/ws_moveit2/install/rosparam_shortcuts/lib:/home/p/ws_moveit2/install/moveit_task_constructor_msgs/lib:/usr/lib/x86_64-linux-gnu/gazebo-11/plugins:/opt/ros/humble/opt/rviz_ogre_vendor/lib:/opt/ros/humble/lib/x86_64-linux-gnu:/opt/ros/humble/lib:/usr/share/gazebo/../../lib/x86_64-linux-gnu/gazebo-11/plugins /usr/local/bin/cmake --install /home/p/ws_demo2/build/ibvs
[1.355s] Level 1:colcon.colcon_core.environment:create_environment_scripts_only(ibvs)
[1.355s] Level 1:colcon.colcon_core.environment:checking '/home/p/ws_demo2/install/ibvs' for CMake module files
[1.357s] Level 1:colcon.colcon_core.environment:checking '/home/p/ws_demo2/install/ibvs' for CMake config files
[1.358s] DEBUG:colcon.colcon_core.event_handler.log_command:Invoked command in '/home/p/ws_demo2/build/ibvs' returned '0': CMAKE_PREFIX_PATH=/home/p/ws_demo2/install/service_interfaces:/home/p/ws_moveit2/install/pilz_industrial_motion_planner_testutils:/home/p/ws_moveit2/install/moveit_runtime:/home/p/ws_moveit2/install/moveit2_tutorials:/home/p/ws_moveit2/install/moveit:/home/p/ws_moveit2/install/moveit_planners:/home/p/ws_moveit2/install/pilz_industrial_motion_planner:/home/p/ws_moveit2/install/moveit_visual_tools:/home/p/ws_moveit2/install/moveit_task_constructor_visualization:/home/p/ws_moveit2/install/moveit_task_constructor_demo:/home/p/ws_moveit2/install/moveit_task_constructor_capabilities:/home/p/ws_moveit2/install/moveit_task_constructor_core:/home/p/ws_moveit2/install/moveit_ros_control_interface:/home/p/ws_moveit2/install/moveit_plugins:/home/p/ws_moveit2/install/moveit_simple_controller_manager:/home/p/ws_moveit2/install/moveit_setup_assistant:/home/p/ws_moveit2/install/moveit_setup_srdf_plugins:/home/p/ws_moveit2/install/moveit_setup_core_plugins:/home/p/ws_moveit2/install/moveit_setup_controllers:/home/p/ws_moveit2/install/moveit_setup_app_plugins:/home/p/ws_moveit2/install/moveit_setup_framework:/home/p/ws_moveit2/install/moveit_servo:/home/p/ws_moveit2/install/moveit_ros:/home/p/ws_moveit2/install/moveit_ros_visualization:/home/p/ws_moveit2/install/moveit_hybrid_planning:/home/p/ws_moveit2/install/moveit_ros_planning_interface:/home/p/ws_moveit2/install/moveit_ros_benchmarks:/home/p/ws_moveit2/install/moveit_ros_warehouse:/home/p/ws_moveit2/install/moveit_ros_robot_interaction:/home/p/ws_moveit2/install/moveit_ros_perception:/home/p/ws_moveit2/install/moveit_resources_prbt_pg70_support:/home/p/ws_moveit2/install/moveit_resources_prbt_moveit_config:/home/p/ws_moveit2/install/moveit_ros_move_group:/home/p/ws_moveit2/install/moveit_planners_ompl:/home/p/ws_moveit2/install/moveit_ros_planning:/home/p/ws_moveit2/install/moveit_ros_occupancy_map_monitor:/home/p/ws_moveit2/install/moveit_resources_prbt_ikfast_manipulator_plugin:/home/p/ws_moveit2/install/moveit_planners_chomp:/home/p/ws_moveit2/install/moveit_kinematics:/home/p/ws_moveit2/install/moveit_chomp_optimizer_adapter:/home/p/ws_moveit2/install/chomp_motion_planner:/home/p/ws_moveit2/install/moveit_core:/home/p/ws_moveit2/install/srdfdom:/home/p/ws_moveit2/install/rviz_marker_tools:/home/p/ws_moveit2/install/rosparam_shortcuts:/home/p/ws_moveit2/install/moveit_task_constructor_msgs:/home/p/ws_moveit2/install/moveit_resources_prbt_support:/home/p/ws_moveit2/install/moveit_resources:/home/p/ws_moveit2/install/moveit_resources_pr2_description:/home/p/ws_moveit2/install/moveit_resources_panda_moveit_config:/home/p/ws_moveit2/install/moveit_resources_panda_description:/home/p/ws_moveit2/install/moveit_resources_fanuc_moveit_config:/home/p/ws_moveit2/install/moveit_resources_fanuc_description:/home/p/ws_moveit2/install/moveit_common:/home/p/ws_demo1/install/ibvs_test:/home/p/demo_ws2/install/ur20_moveit_config:/home/p/demo_ws2/install/ur20_description:/home/p/demo_ws2/install/robotiq_description:/home/p/ws_demo2/install/ur_description:/home/p/ws_demo2/install/ik:/home/p/ws_demo2/install/ibvs:/home/p/ws_demo2/install/camera_image:/home/p/ws_moveit2/install/moveit_configs_utils:/home/p/ws_moveit2/install/launch_param_builder:/home/p/demo_ws2/install/ur20_joint_control:/home/p/demo_ws2/install/arm_joint_control:/opt/ros/humble LD_LIBRARY_PATH=/home/p/ws_demo2/install/service_interfaces/lib:/home/p/TensorRT_ws/TensorRT-8.6.1.6/lib:/usr/local/cuda-11.8/lib64:/home/p/ws_moveit2/install/pilz_industrial_motion_planner_testutils/lib:/home/p/ws_moveit2/install/pilz_industrial_motion_planner/lib:/home/p/ws_moveit2/install/moveit_visual_tools/lib:/home/p/ws_moveit2/install/moveit_task_constructor_visualization/lib:/home/p/ws_moveit2/install/moveit_task_constructor_demo/lib:/home/p/ws_moveit2/install/moveit_task_constructor_capabilities/lib:/home/p/ws_moveit2/install/moveit_task_constructor_core/lib:/home/p/ws_moveit2/install/moveit_ros_control_interface/lib:/home/p/ws_moveit2/install/moveit_simple_controller_manager/lib:/home/p/ws_moveit2/install/moveit_setup_assistant/lib:/home/p/ws_moveit2/install/moveit_setup_srdf_plugins/lib:/home/p/ws_moveit2/install/moveit_setup_core_plugins/lib:/home/p/ws_moveit2/install/moveit_setup_controllers/lib:/home/p/ws_moveit2/install/moveit_setup_app_plugins/lib:/home/p/ws_moveit2/install/moveit_setup_framework/lib:/home/p/ws_moveit2/install/moveit_servo/lib:/home/p/ws_moveit2/install/moveit_ros_visualization/lib:/home/p/ws_moveit2/install/moveit_hybrid_planning/lib:/home/p/ws_moveit2/install/moveit_ros_planning_interface/lib:/home/p/ws_moveit2/install/moveit_ros_benchmarks/lib:/home/p/ws_moveit2/install/moveit_ros_warehouse/lib:/home/p/ws_moveit2/install/moveit_ros_robot_interaction/lib:/home/p/ws_moveit2/install/moveit_ros_perception/lib:/home/p/ws_moveit2/install/moveit_ros_move_group/lib:/home/p/ws_moveit2/install/moveit_planners_ompl/lib:/home/p/ws_moveit2/install/moveit_ros_planning/lib:/home/p/ws_moveit2/install/moveit_ros_occupancy_map_monitor/lib:/home/p/ws_moveit2/install/moveit_resources_prbt_ikfast_manipulator_plugin/lib:/home/p/ws_moveit2/install/moveit_planners_chomp/lib:/home/p/ws_moveit2/install/moveit_kinematics/lib:/home/p/ws_moveit2/install/moveit_chomp_optimizer_adapter/lib:/home/p/ws_moveit2/install/chomp_motion_planner/lib:/home/p/ws_moveit2/install/moveit_core/lib:/home/p/ws_moveit2/install/srdfdom/lib:/home/p/ws_moveit2/install/rviz_marker_tools/lib:/home/p/ws_moveit2/install/rosparam_shortcuts/lib:/home/p/ws_moveit2/install/moveit_task_constructor_msgs/lib:/usr/lib/x86_64-linux-gnu/gazebo-11/plugins:/opt/ros/humble/opt/rviz_ogre_vendor/lib:/opt/ros/humble/lib/x86_64-linux-gnu:/opt/ros/humble/lib:/usr/share/gazebo/../../lib/x86_64-linux-gnu/gazebo-11/plugins /usr/local/bin/cmake --install /home/p/ws_demo2/build/ibvs
[1.359s] Level 1:colcon.colcon_core.shell:create_environment_hook('ibvs', 'cmake_prefix_path')
[1.359s] INFO:colcon.colcon_core.shell:Creating environment hook '/home/p/ws_demo2/install/ibvs/share/ibvs/hook/cmake_prefix_path.ps1'
[1.360s] INFO:colcon.colcon_core.shell:Creating environment descriptor '/home/p/ws_demo2/install/ibvs/share/ibvs/hook/cmake_prefix_path.dsv'
[1.360s] INFO:colcon.colcon_core.shell:Creating environment hook '/home/p/ws_demo2/install/ibvs/share/ibvs/hook/cmake_prefix_path.sh'
[1.361s] Level 1:colcon.colcon_core.environment:checking '/home/p/ws_demo2/install/ibvs/lib'
[1.361s] Level 1:colcon.colcon_core.environment:checking '/home/p/ws_demo2/install/ibvs/bin'
[1.361s] Level 1:colcon.colcon_core.environment:checking '/home/p/ws_demo2/install/ibvs/lib/pkgconfig/ibvs.pc'
[1.361s] Level 1:colcon.colcon_core.environment:checking '/home/p/ws_demo2/install/ibvs/lib/python3.10/site-packages'
[1.362s] Level 1:colcon.colcon_core.environment:checking '/home/p/ws_demo2/install/ibvs/bin'
[1.362s] INFO:colcon.colcon_core.shell:Creating package script '/home/p/ws_demo2/install/ibvs/share/ibvs/package.ps1'
[1.363s] INFO:colcon.colcon_core.shell:Creating package descriptor '/home/p/ws_demo2/install/ibvs/share/ibvs/package.dsv'
[1.363s] INFO:colcon.colcon_core.shell:Creating package script '/home/p/ws_demo2/install/ibvs/share/ibvs/package.sh'
[1.364s] INFO:colcon.colcon_core.shell:Creating package script '/home/p/ws_demo2/install/ibvs/share/ibvs/package.bash'
[1.364s] INFO:colcon.colcon_core.shell:Creating package script '/home/p/ws_demo2/install/ibvs/share/ibvs/package.zsh'
[1.365s] Level 1:colcon.colcon_core.environment:create_file_with_runtime_dependencies(/home/p/ws_demo2/install/ibvs/share/colcon-core/packages/ibvs)
[1.366s] Level 1:colcon.colcon_core.environment:create_environment_scripts_only(ibvs)
[1.366s] Level 1:colcon.colcon_core.environment:checking '/home/p/ws_demo2/install/ibvs' for CMake module files
[1.366s] Level 1:colcon.colcon_core.environment:checking '/home/p/ws_demo2/install/ibvs' for CMake config files
[1.367s] Level 1:colcon.colcon_core.shell:create_environment_hook('ibvs', 'cmake_prefix_path')
[1.367s] INFO:colcon.colcon_core.shell:Creating environment hook '/home/p/ws_demo2/install/ibvs/share/ibvs/hook/cmake_prefix_path.ps1'
[1.368s] INFO:colcon.colcon_core.shell:Creating environment descriptor '/home/p/ws_demo2/install/ibvs/share/ibvs/hook/cmake_prefix_path.dsv'
[1.368s] INFO:colcon.colcon_core.shell:Creating environment hook '/home/p/ws_demo2/install/ibvs/share/ibvs/hook/cmake_prefix_path.sh'
[1.369s] Level 1:colcon.colcon_core.environment:checking '/home/p/ws_demo2/install/ibvs/lib'
[1.369s] Level 1:colcon.colcon_core.environment:checking '/home/p/ws_demo2/install/ibvs/bin'
[1.369s] Level 1:colcon.colcon_core.environment:checking '/home/p/ws_demo2/install/ibvs/lib/pkgconfig/ibvs.pc'
[1.369s] Level 1:colcon.colcon_core.environment:checking '/home/p/ws_demo2/install/ibvs/lib/python3.10/site-packages'
[1.370s] Level 1:colcon.colcon_core.environment:checking '/home/p/ws_demo2/install/ibvs/bin'
[1.370s] INFO:colcon.colcon_core.shell:Creating package script '/home/p/ws_demo2/install/ibvs/share/ibvs/package.ps1'
[1.371s] INFO:colcon.colcon_core.shell:Creating package descriptor '/home/p/ws_demo2/install/ibvs/share/ibvs/package.dsv'
[1.371s] INFO:colcon.colcon_core.shell:Creating package script '/home/p/ws_demo2/install/ibvs/share/ibvs/package.sh'
[1.372s] INFO:colcon.colcon_core.shell:Creating package script '/home/p/ws_demo2/install/ibvs/share/ibvs/package.bash'
[1.373s] INFO:colcon.colcon_core.shell:Creating package script '/home/p/ws_demo2/install/ibvs/share/ibvs/package.zsh'
[1.373s] Level 1:colcon.colcon_core.environment:create_file_with_runtime_dependencies(/home/p/ws_demo2/install/ibvs/share/colcon-core/packages/ibvs)
[1.392s] DEBUG:colcon.colcon_core.event_handler.log_command:Invoked command in '/home/p/ws_demo2/build/ik' returned '0': CMAKE_PREFIX_PATH=/home/p/ws_demo2/install/service_interfaces:/home/p/ws_moveit2/install/pilz_industrial_motion_planner_testutils:/home/p/ws_moveit2/install/moveit_runtime:/home/p/ws_moveit2/install/moveit2_tutorials:/home/p/ws_moveit2/install/moveit:/home/p/ws_moveit2/install/moveit_planners:/home/p/ws_moveit2/install/pilz_industrial_motion_planner:/home/p/ws_moveit2/install/moveit_visual_tools:/home/p/ws_moveit2/install/moveit_task_constructor_visualization:/home/p/ws_moveit2/install/moveit_task_constructor_demo:/home/p/ws_moveit2/install/moveit_task_constructor_capabilities:/home/p/ws_moveit2/install/moveit_task_constructor_core:/home/p/ws_moveit2/install/moveit_ros_control_interface:/home/p/ws_moveit2/install/moveit_plugins:/home/p/ws_moveit2/install/moveit_simple_controller_manager:/home/p/ws_moveit2/install/moveit_setup_assistant:/home/p/ws_moveit2/install/moveit_setup_srdf_plugins:/home/p/ws_moveit2/install/moveit_setup_core_plugins:/home/p/ws_moveit2/install/moveit_setup_controllers:/home/p/ws_moveit2/install/moveit_setup_app_plugins:/home/p/ws_moveit2/install/moveit_setup_framework:/home/p/ws_moveit2/install/moveit_servo:/home/p/ws_moveit2/install/moveit_ros:/home/p/ws_moveit2/install/moveit_ros_visualization:/home/p/ws_moveit2/install/moveit_hybrid_planning:/home/p/ws_moveit2/install/moveit_ros_planning_interface:/home/p/ws_moveit2/install/moveit_ros_benchmarks:/home/p/ws_moveit2/install/moveit_ros_warehouse:/home/p/ws_moveit2/install/moveit_ros_robot_interaction:/home/p/ws_moveit2/install/moveit_ros_perception:/home/p/ws_moveit2/install/moveit_resources_prbt_pg70_support:/home/p/ws_moveit2/install/moveit_resources_prbt_moveit_config:/home/p/ws_moveit2/install/moveit_ros_move_group:/home/p/ws_moveit2/install/moveit_planners_ompl:/home/p/ws_moveit2/install/moveit_ros_planning:/home/p/ws_moveit2/install/moveit_ros_occupancy_map_monitor:/home/p/ws_moveit2/install/moveit_resources_prbt_ikfast_manipulator_plugin:/home/p/ws_moveit2/install/moveit_planners_chomp:/home/p/ws_moveit2/install/moveit_kinematics:/home/p/ws_moveit2/install/moveit_chomp_optimizer_adapter:/home/p/ws_moveit2/install/chomp_motion_planner:/home/p/ws_moveit2/install/moveit_core:/home/p/ws_moveit2/install/srdfdom:/home/p/ws_moveit2/install/rviz_marker_tools:/home/p/ws_moveit2/install/rosparam_shortcuts:/home/p/ws_moveit2/install/moveit_task_constructor_msgs:/home/p/ws_moveit2/install/moveit_resources_prbt_support:/home/p/ws_moveit2/install/moveit_resources:/home/p/ws_moveit2/install/moveit_resources_pr2_description:/home/p/ws_moveit2/install/moveit_resources_panda_moveit_config:/home/p/ws_moveit2/install/moveit_resources_panda_description:/home/p/ws_moveit2/install/moveit_resources_fanuc_moveit_config:/home/p/ws_moveit2/install/moveit_resources_fanuc_description:/home/p/ws_moveit2/install/moveit_common:/home/p/ws_demo1/install/ibvs_test:/home/p/demo_ws2/install/ur20_moveit_config:/home/p/demo_ws2/install/ur20_description:/home/p/demo_ws2/install/robotiq_description:/home/p/ws_demo2/install/ur_description:/home/p/ws_demo2/install/ik:/home/p/ws_demo2/install/ibvs:/home/p/ws_demo2/install/camera_image:/home/p/ws_moveit2/install/moveit_configs_utils:/home/p/ws_moveit2/install/launch_param_builder:/home/p/demo_ws2/install/ur20_joint_control:/home/p/demo_ws2/install/arm_joint_control:/opt/ros/humble LD_LIBRARY_PATH=/home/p/ws_demo2/install/service_interfaces/lib:/home/p/TensorRT_ws/TensorRT-8.6.1.6/lib:/usr/local/cuda-11.8/lib64:/home/p/ws_moveit2/install/pilz_industrial_motion_planner_testutils/lib:/home/p/ws_moveit2/install/pilz_industrial_motion_planner/lib:/home/p/ws_moveit2/install/moveit_visual_tools/lib:/home/p/ws_moveit2/install/moveit_task_constructor_visualization/lib:/home/p/ws_moveit2/install/moveit_task_constructor_demo/lib:/home/p/ws_moveit2/install/moveit_task_constructor_capabilities/lib:/home/p/ws_moveit2/install/moveit_task_constructor_core/lib:/home/p/ws_moveit2/install/moveit_ros_control_interface/lib:/home/p/ws_moveit2/install/moveit_simple_controller_manager/lib:/home/p/ws_moveit2/install/moveit_setup_assistant/lib:/home/p/ws_moveit2/install/moveit_setup_srdf_plugins/lib:/home/p/ws_moveit2/install/moveit_setup_core_plugins/lib:/home/p/ws_moveit2/install/moveit_setup_controllers/lib:/home/p/ws_moveit2/install/moveit_setup_app_plugins/lib:/home/p/ws_moveit2/install/moveit_setup_framework/lib:/home/p/ws_moveit2/install/moveit_servo/lib:/home/p/ws_moveit2/install/moveit_ros_visualization/lib:/home/p/ws_moveit2/install/moveit_hybrid_planning/lib:/home/p/ws_moveit2/install/moveit_ros_planning_interface/lib:/home/p/ws_moveit2/install/moveit_ros_benchmarks/lib:/home/p/ws_moveit2/install/moveit_ros_warehouse/lib:/home/p/ws_moveit2/install/moveit_ros_robot_interaction/lib:/home/p/ws_moveit2/install/moveit_ros_perception/lib:/home/p/ws_moveit2/install/moveit_ros_move_group/lib:/home/p/ws_moveit2/install/moveit_planners_ompl/lib:/home/p/ws_moveit2/install/moveit_ros_planning/lib:/home/p/ws_moveit2/install/moveit_ros_occupancy_map_monitor/lib:/home/p/ws_moveit2/install/moveit_resources_prbt_ikfast_manipulator_plugin/lib:/home/p/ws_moveit2/install/moveit_planners_chomp/lib:/home/p/ws_moveit2/install/moveit_kinematics/lib:/home/p/ws_moveit2/install/moveit_chomp_optimizer_adapter/lib:/home/p/ws_moveit2/install/chomp_motion_planner/lib:/home/p/ws_moveit2/install/moveit_core/lib:/home/p/ws_moveit2/install/srdfdom/lib:/home/p/ws_moveit2/install/rviz_marker_tools/lib:/home/p/ws_moveit2/install/rosparam_shortcuts/lib:/home/p/ws_moveit2/install/moveit_task_constructor_msgs/lib:/usr/lib/x86_64-linux-gnu/gazebo-11/plugins:/opt/ros/humble/opt/rviz_ogre_vendor/lib:/opt/ros/humble/lib/x86_64-linux-gnu:/opt/ros/humble/lib:/usr/share/gazebo/../../lib/x86_64-linux-gnu/gazebo-11/plugins /usr/local/bin/cmake --build /home/p/ws_demo2/build/ik -- -j16 -l16
[1.393s] DEBUG:colcon.colcon_core.event_handler.log_command:Invoking command in '/home/p/ws_demo2/build/ik': CMAKE_PREFIX_PATH=/home/p/ws_demo2/install/service_interfaces:/home/p/ws_moveit2/install/pilz_industrial_motion_planner_testutils:/home/p/ws_moveit2/install/moveit_runtime:/home/p/ws_moveit2/install/moveit2_tutorials:/home/p/ws_moveit2/install/moveit:/home/p/ws_moveit2/install/moveit_planners:/home/p/ws_moveit2/install/pilz_industrial_motion_planner:/home/p/ws_moveit2/install/moveit_visual_tools:/home/p/ws_moveit2/install/moveit_task_constructor_visualization:/home/p/ws_moveit2/install/moveit_task_constructor_demo:/home/p/ws_moveit2/install/moveit_task_constructor_capabilities:/home/p/ws_moveit2/install/moveit_task_constructor_core:/home/p/ws_moveit2/install/moveit_ros_control_interface:/home/p/ws_moveit2/install/moveit_plugins:/home/p/ws_moveit2/install/moveit_simple_controller_manager:/home/p/ws_moveit2/install/moveit_setup_assistant:/home/p/ws_moveit2/install/moveit_setup_srdf_plugins:/home/p/ws_moveit2/install/moveit_setup_core_plugins:/home/p/ws_moveit2/install/moveit_setup_controllers:/home/p/ws_moveit2/install/moveit_setup_app_plugins:/home/p/ws_moveit2/install/moveit_setup_framework:/home/p/ws_moveit2/install/moveit_servo:/home/p/ws_moveit2/install/moveit_ros:/home/p/ws_moveit2/install/moveit_ros_visualization:/home/p/ws_moveit2/install/moveit_hybrid_planning:/home/p/ws_moveit2/install/moveit_ros_planning_interface:/home/p/ws_moveit2/install/moveit_ros_benchmarks:/home/p/ws_moveit2/install/moveit_ros_warehouse:/home/p/ws_moveit2/install/moveit_ros_robot_interaction:/home/p/ws_moveit2/install/moveit_ros_perception:/home/p/ws_moveit2/install/moveit_resources_prbt_pg70_support:/home/p/ws_moveit2/install/moveit_resources_prbt_moveit_config:/home/p/ws_moveit2/install/moveit_ros_move_group:/home/p/ws_moveit2/install/moveit_planners_ompl:/home/p/ws_moveit2/install/moveit_ros_planning:/home/p/ws_moveit2/install/moveit_ros_occupancy_map_monitor:/home/p/ws_moveit2/install/moveit_resources_prbt_ikfast_manipulator_plugin:/home/p/ws_moveit2/install/moveit_planners_chomp:/home/p/ws_moveit2/install/moveit_kinematics:/home/p/ws_moveit2/install/moveit_chomp_optimizer_adapter:/home/p/ws_moveit2/install/chomp_motion_planner:/home/p/ws_moveit2/install/moveit_core:/home/p/ws_moveit2/install/srdfdom:/home/p/ws_moveit2/install/rviz_marker_tools:/home/p/ws_moveit2/install/rosparam_shortcuts:/home/p/ws_moveit2/install/moveit_task_constructor_msgs:/home/p/ws_moveit2/install/moveit_resources_prbt_support:/home/p/ws_moveit2/install/moveit_resources:/home/p/ws_moveit2/install/moveit_resources_pr2_description:/home/p/ws_moveit2/install/moveit_resources_panda_moveit_config:/home/p/ws_moveit2/install/moveit_resources_panda_description:/home/p/ws_moveit2/install/moveit_resources_fanuc_moveit_config:/home/p/ws_moveit2/install/moveit_resources_fanuc_description:/home/p/ws_moveit2/install/moveit_common:/home/p/ws_demo1/install/ibvs_test:/home/p/demo_ws2/install/ur20_moveit_config:/home/p/demo_ws2/install/ur20_description:/home/p/demo_ws2/install/robotiq_description:/home/p/ws_demo2/install/ur_description:/home/p/ws_demo2/install/ik:/home/p/ws_demo2/install/ibvs:/home/p/ws_demo2/install/camera_image:/home/p/ws_moveit2/install/moveit_configs_utils:/home/p/ws_moveit2/install/launch_param_builder:/home/p/demo_ws2/install/ur20_joint_control:/home/p/demo_ws2/install/arm_joint_control:/opt/ros/humble LD_LIBRARY_PATH=/home/p/ws_demo2/install/service_interfaces/lib:/home/p/TensorRT_ws/TensorRT-8.6.1.6/lib:/usr/local/cuda-11.8/lib64:/home/p/ws_moveit2/install/pilz_industrial_motion_planner_testutils/lib:/home/p/ws_moveit2/install/pilz_industrial_motion_planner/lib:/home/p/ws_moveit2/install/moveit_visual_tools/lib:/home/p/ws_moveit2/install/moveit_task_constructor_visualization/lib:/home/p/ws_moveit2/install/moveit_task_constructor_demo/lib:/home/p/ws_moveit2/install/moveit_task_constructor_capabilities/lib:/home/p/ws_moveit2/install/moveit_task_constructor_core/lib:/home/p/ws_moveit2/install/moveit_ros_control_interface/lib:/home/p/ws_moveit2/install/moveit_simple_controller_manager/lib:/home/p/ws_moveit2/install/moveit_setup_assistant/lib:/home/p/ws_moveit2/install/moveit_setup_srdf_plugins/lib:/home/p/ws_moveit2/install/moveit_setup_core_plugins/lib:/home/p/ws_moveit2/install/moveit_setup_controllers/lib:/home/p/ws_moveit2/install/moveit_setup_app_plugins/lib:/home/p/ws_moveit2/install/moveit_setup_framework/lib:/home/p/ws_moveit2/install/moveit_servo/lib:/home/p/ws_moveit2/install/moveit_ros_visualization/lib:/home/p/ws_moveit2/install/moveit_hybrid_planning/lib:/home/p/ws_moveit2/install/moveit_ros_planning_interface/lib:/home/p/ws_moveit2/install/moveit_ros_benchmarks/lib:/home/p/ws_moveit2/install/moveit_ros_warehouse/lib:/home/p/ws_moveit2/install/moveit_ros_robot_interaction/lib:/home/p/ws_moveit2/install/moveit_ros_perception/lib:/home/p/ws_moveit2/install/moveit_ros_move_group/lib:/home/p/ws_moveit2/install/moveit_planners_ompl/lib:/home/p/ws_moveit2/install/moveit_ros_planning/lib:/home/p/ws_moveit2/install/moveit_ros_occupancy_map_monitor/lib:/home/p/ws_moveit2/install/moveit_resources_prbt_ikfast_manipulator_plugin/lib:/home/p/ws_moveit2/install/moveit_planners_chomp/lib:/home/p/ws_moveit2/install/moveit_kinematics/lib:/home/p/ws_moveit2/install/moveit_chomp_optimizer_adapter/lib:/home/p/ws_moveit2/install/chomp_motion_planner/lib:/home/p/ws_moveit2/install/moveit_core/lib:/home/p/ws_moveit2/install/srdfdom/lib:/home/p/ws_moveit2/install/rviz_marker_tools/lib:/home/p/ws_moveit2/install/rosparam_shortcuts/lib:/home/p/ws_moveit2/install/moveit_task_constructor_msgs/lib:/usr/lib/x86_64-linux-gnu/gazebo-11/plugins:/opt/ros/humble/opt/rviz_ogre_vendor/lib:/opt/ros/humble/lib/x86_64-linux-gnu:/opt/ros/humble/lib:/usr/share/gazebo/../../lib/x86_64-linux-gnu/gazebo-11/plugins /usr/local/bin/cmake --install /home/p/ws_demo2/build/ik
[1.399s] Level 1:colcon.colcon_core.environment:create_environment_scripts_only(ik)
[1.400s] Level 1:colcon.colcon_core.environment:checking '/home/p/ws_demo2/install/ik' for CMake module files
[1.400s] DEBUG:colcon.colcon_core.event_handler.log_command:Invoked command in '/home/p/ws_demo2/build/ik' returned '0': CMAKE_PREFIX_PATH=/home/p/ws_demo2/install/service_interfaces:/home/p/ws_moveit2/install/pilz_industrial_motion_planner_testutils:/home/p/ws_moveit2/install/moveit_runtime:/home/p/ws_moveit2/install/moveit2_tutorials:/home/p/ws_moveit2/install/moveit:/home/p/ws_moveit2/install/moveit_planners:/home/p/ws_moveit2/install/pilz_industrial_motion_planner:/home/p/ws_moveit2/install/moveit_visual_tools:/home/p/ws_moveit2/install/moveit_task_constructor_visualization:/home/p/ws_moveit2/install/moveit_task_constructor_demo:/home/p/ws_moveit2/install/moveit_task_constructor_capabilities:/home/p/ws_moveit2/install/moveit_task_constructor_core:/home/p/ws_moveit2/install/moveit_ros_control_interface:/home/p/ws_moveit2/install/moveit_plugins:/home/p/ws_moveit2/install/moveit_simple_controller_manager:/home/p/ws_moveit2/install/moveit_setup_assistant:/home/p/ws_moveit2/install/moveit_setup_srdf_plugins:/home/p/ws_moveit2/install/moveit_setup_core_plugins:/home/p/ws_moveit2/install/moveit_setup_controllers:/home/p/ws_moveit2/install/moveit_setup_app_plugins:/home/p/ws_moveit2/install/moveit_setup_framework:/home/p/ws_moveit2/install/moveit_servo:/home/p/ws_moveit2/install/moveit_ros:/home/p/ws_moveit2/install/moveit_ros_visualization:/home/p/ws_moveit2/install/moveit_hybrid_planning:/home/p/ws_moveit2/install/moveit_ros_planning_interface:/home/p/ws_moveit2/install/moveit_ros_benchmarks:/home/p/ws_moveit2/install/moveit_ros_warehouse:/home/p/ws_moveit2/install/moveit_ros_robot_interaction:/home/p/ws_moveit2/install/moveit_ros_perception:/home/p/ws_moveit2/install/moveit_resources_prbt_pg70_support:/home/p/ws_moveit2/install/moveit_resources_prbt_moveit_config:/home/p/ws_moveit2/install/moveit_ros_move_group:/home/p/ws_moveit2/install/moveit_planners_ompl:/home/p/ws_moveit2/install/moveit_ros_planning:/home/p/ws_moveit2/install/moveit_ros_occupancy_map_monitor:/home/p/ws_moveit2/install/moveit_resources_prbt_ikfast_manipulator_plugin:/home/p/ws_moveit2/install/moveit_planners_chomp:/home/p/ws_moveit2/install/moveit_kinematics:/home/p/ws_moveit2/install/moveit_chomp_optimizer_adapter:/home/p/ws_moveit2/install/chomp_motion_planner:/home/p/ws_moveit2/install/moveit_core:/home/p/ws_moveit2/install/srdfdom:/home/p/ws_moveit2/install/rviz_marker_tools:/home/p/ws_moveit2/install/rosparam_shortcuts:/home/p/ws_moveit2/install/moveit_task_constructor_msgs:/home/p/ws_moveit2/install/moveit_resources_prbt_support:/home/p/ws_moveit2/install/moveit_resources:/home/p/ws_moveit2/install/moveit_resources_pr2_description:/home/p/ws_moveit2/install/moveit_resources_panda_moveit_config:/home/p/ws_moveit2/install/moveit_resources_panda_description:/home/p/ws_moveit2/install/moveit_resources_fanuc_moveit_config:/home/p/ws_moveit2/install/moveit_resources_fanuc_description:/home/p/ws_moveit2/install/moveit_common:/home/p/ws_demo1/install/ibvs_test:/home/p/demo_ws2/install/ur20_moveit_config:/home/p/demo_ws2/install/ur20_description:/home/p/demo_ws2/install/robotiq_description:/home/p/ws_demo2/install/ur_description:/home/p/ws_demo2/install/ik:/home/p/ws_demo2/install/ibvs:/home/p/ws_demo2/install/camera_image:/home/p/ws_moveit2/install/moveit_configs_utils:/home/p/ws_moveit2/install/launch_param_builder:/home/p/demo_ws2/install/ur20_joint_control:/home/p/demo_ws2/install/arm_joint_control:/opt/ros/humble LD_LIBRARY_PATH=/home/p/ws_demo2/install/service_interfaces/lib:/home/p/TensorRT_ws/TensorRT-8.6.1.6/lib:/usr/local/cuda-11.8/lib64:/home/p/ws_moveit2/install/pilz_industrial_motion_planner_testutils/lib:/home/p/ws_moveit2/install/pilz_industrial_motion_planner/lib:/home/p/ws_moveit2/install/moveit_visual_tools/lib:/home/p/ws_moveit2/install/moveit_task_constructor_visualization/lib:/home/p/ws_moveit2/install/moveit_task_constructor_demo/lib:/home/p/ws_moveit2/install/moveit_task_constructor_capabilities/lib:/home/p/ws_moveit2/install/moveit_task_constructor_core/lib:/home/p/ws_moveit2/install/moveit_ros_control_interface/lib:/home/p/ws_moveit2/install/moveit_simple_controller_manager/lib:/home/p/ws_moveit2/install/moveit_setup_assistant/lib:/home/p/ws_moveit2/install/moveit_setup_srdf_plugins/lib:/home/p/ws_moveit2/install/moveit_setup_core_plugins/lib:/home/p/ws_moveit2/install/moveit_setup_controllers/lib:/home/p/ws_moveit2/install/moveit_setup_app_plugins/lib:/home/p/ws_moveit2/install/moveit_setup_framework/lib:/home/p/ws_moveit2/install/moveit_servo/lib:/home/p/ws_moveit2/install/moveit_ros_visualization/lib:/home/p/ws_moveit2/install/moveit_hybrid_planning/lib:/home/p/ws_moveit2/install/moveit_ros_planning_interface/lib:/home/p/ws_moveit2/install/moveit_ros_benchmarks/lib:/home/p/ws_moveit2/install/moveit_ros_warehouse/lib:/home/p/ws_moveit2/install/moveit_ros_robot_interaction/lib:/home/p/ws_moveit2/install/moveit_ros_perception/lib:/home/p/ws_moveit2/install/moveit_ros_move_group/lib:/home/p/ws_moveit2/install/moveit_planners_ompl/lib:/home/p/ws_moveit2/install/moveit_ros_planning/lib:/home/p/ws_moveit2/install/moveit_ros_occupancy_map_monitor/lib:/home/p/ws_moveit2/install/moveit_resources_prbt_ikfast_manipulator_plugin/lib:/home/p/ws_moveit2/install/moveit_planners_chomp/lib:/home/p/ws_moveit2/install/moveit_kinematics/lib:/home/p/ws_moveit2/install/moveit_chomp_optimizer_adapter/lib:/home/p/ws_moveit2/install/chomp_motion_planner/lib:/home/p/ws_moveit2/install/moveit_core/lib:/home/p/ws_moveit2/install/srdfdom/lib:/home/p/ws_moveit2/install/rviz_marker_tools/lib:/home/p/ws_moveit2/install/rosparam_shortcuts/lib:/home/p/ws_moveit2/install/moveit_task_constructor_msgs/lib:/usr/lib/x86_64-linux-gnu/gazebo-11/plugins:/opt/ros/humble/opt/rviz_ogre_vendor/lib:/opt/ros/humble/lib/x86_64-linux-gnu:/opt/ros/humble/lib:/usr/share/gazebo/../../lib/x86_64-linux-gnu/gazebo-11/plugins /usr/local/bin/cmake --install /home/p/ws_demo2/build/ik
[1.401s] Level 1:colcon.colcon_core.environment:checking '/home/p/ws_demo2/install/ik' for CMake config files
[1.401s] Level 1:colcon.colcon_core.shell:create_environment_hook('ik', 'cmake_prefix_path')
[1.401s] INFO:colcon.colcon_core.shell:Creating environment hook '/home/p/ws_demo2/install/ik/share/ik/hook/cmake_prefix_path.ps1'
[1.402s] INFO:colcon.colcon_core.shell:Creating environment descriptor '/home/p/ws_demo2/install/ik/share/ik/hook/cmake_prefix_path.dsv'
[1.402s] INFO:colcon.colcon_core.shell:Creating environment hook '/home/p/ws_demo2/install/ik/share/ik/hook/cmake_prefix_path.sh'
[1.403s] Level 1:colcon.colcon_core.environment:checking '/home/p/ws_demo2/install/ik/lib'
[1.403s] Level 1:colcon.colcon_core.environment:checking '/home/p/ws_demo2/install/ik/bin'
[1.403s] Level 1:colcon.colcon_core.environment:checking '/home/p/ws_demo2/install/ik/lib/pkgconfig/ik.pc'
[1.404s] Level 1:colcon.colcon_core.environment:checking '/home/p/ws_demo2/install/ik/lib/python3.10/site-packages'
[1.404s] Level 1:colcon.colcon_core.environment:checking '/home/p/ws_demo2/install/ik/bin'
[1.404s] INFO:colcon.colcon_core.shell:Creating package script '/home/p/ws_demo2/install/ik/share/ik/package.ps1'
[1.405s] INFO:colcon.colcon_core.shell:Creating package descriptor '/home/p/ws_demo2/install/ik/share/ik/package.dsv'
[1.405s] INFO:colcon.colcon_core.shell:Creating package script '/home/p/ws_demo2/install/ik/share/ik/package.sh'
[1.406s] INFO:colcon.colcon_core.shell:Creating package script '/home/p/ws_demo2/install/ik/share/ik/package.bash'
[1.406s] INFO:colcon.colcon_core.shell:Creating package script '/home/p/ws_demo2/install/ik/share/ik/package.zsh'
[1.407s] Level 1:colcon.colcon_core.environment:create_file_with_runtime_dependencies(/home/p/ws_demo2/install/ik/share/colcon-core/packages/ik)
[1.408s] Level 1:colcon.colcon_core.environment:create_environment_scripts_only(ik)
[1.408s] Level 1:colcon.colcon_core.environment:checking '/home/p/ws_demo2/install/ik' for CMake module files
[1.409s] Level 1:colcon.colcon_core.environment:checking '/home/p/ws_demo2/install/ik' for CMake config files
[1.409s] Level 1:colcon.colcon_core.shell:create_environment_hook('ik', 'cmake_prefix_path')
[1.409s] INFO:colcon.colcon_core.shell:Creating environment hook '/home/p/ws_demo2/install/ik/share/ik/hook/cmake_prefix_path.ps1'
[1.410s] INFO:colcon.colcon_core.shell:Creating environment descriptor '/home/p/ws_demo2/install/ik/share/ik/hook/cmake_prefix_path.dsv'
[1.410s] INFO:colcon.colcon_core.shell:Creating environment hook '/home/p/ws_demo2/install/ik/share/ik/hook/cmake_prefix_path.sh'
[1.411s] Level 1:colcon.colcon_core.environment:checking '/home/p/ws_demo2/install/ik/lib'
[1.411s] Level 1:colcon.colcon_core.environment:checking '/home/p/ws_demo2/install/ik/bin'
[1.411s] Level 1:colcon.colcon_core.environment:checking '/home/p/ws_demo2/install/ik/lib/pkgconfig/ik.pc'
[1.412s] Level 1:colcon.colcon_core.environment:checking '/home/p/ws_demo2/install/ik/lib/python3.10/site-packages'
[1.412s] Level 1:colcon.colcon_core.environment:checking '/home/p/ws_demo2/install/ik/bin'
[1.412s] INFO:colcon.colcon_core.shell:Creating package script '/home/p/ws_demo2/install/ik/share/ik/package.ps1'
[1.413s] INFO:colcon.colcon_core.shell:Creating package descriptor '/home/p/ws_demo2/install/ik/share/ik/package.dsv'
[1.414s] INFO:colcon.colcon_core.shell:Creating package script '/home/p/ws_demo2/install/ik/share/ik/package.sh'
[1.414s] INFO:colcon.colcon_core.shell:Creating package script '/home/p/ws_demo2/install/ik/share/ik/package.bash'
[1.415s] INFO:colcon.colcon_core.shell:Creating package script '/home/p/ws_demo2/install/ik/share/ik/package.zsh'
[1.416s] Level 1:colcon.colcon_core.environment:create_file_with_runtime_dependencies(/home/p/ws_demo2/install/ik/share/colcon-core/packages/ik)
[1.416s] DEBUG:colcon.colcon_parallel_executor.executor.parallel:closing loop
[1.416s] DEBUG:colcon.colcon_parallel_executor.executor.parallel:loop closed
[1.417s] DEBUG:colcon.colcon_parallel_executor.executor.parallel:run_until_complete finished with '0'
[1.417s] DEBUG:colcon.colcon_core.event_reactor:joining thread
[1.424s] INFO:colcon.colcon_core.plugin_system:Skipping extension 'colcon_notification.desktop_notification.terminal_notifier': Not used on non-Darwin systems
[1.424s] INFO:colcon.colcon_core.plugin_system:Skipping extension 'colcon_notification.desktop_notification.win32': Not used on non-Windows systems
[1.424s] INFO:colcon.colcon_notification.desktop_notification:Sending desktop notification using 'notify2'
[1.438s] DEBUG:colcon.colcon_core.event_reactor:joined thread
[1.438s] INFO:colcon.colcon_core.shell:Creating prefix script '/home/p/ws_demo2/install/local_setup.ps1'
[1.439s] INFO:colcon.colcon_core.shell:Creating prefix util module '/home/p/ws_demo2/install/_local_setup_util_ps1.py'
[1.442s] INFO:colcon.colcon_core.shell:Creating prefix chain script '/home/p/ws_demo2/install/setup.ps1'
[1.446s] INFO:colcon.colcon_core.shell:Creating prefix script '/home/p/ws_demo2/install/local_setup.sh'
[1.447s] INFO:colcon.colcon_core.shell:Creating prefix util module '/home/p/ws_demo2/install/_local_setup_util_sh.py'
[1.448s] INFO:colcon.colcon_core.shell:Creating prefix chain script '/home/p/ws_demo2/install/setup.sh'
[1.453s] INFO:colcon.colcon_core.shell:Creating prefix script '/home/p/ws_demo2/install/local_setup.bash'
[1.453s] INFO:colcon.colcon_core.shell:Creating prefix chain script '/home/p/ws_demo2/install/setup.bash'
[1.458s] INFO:colcon.colcon_core.shell:Creating prefix script '/home/p/ws_demo2/install/local_setup.zsh'
[1.459s] INFO:colcon.colcon_core.shell:Creating prefix chain script '/home/p/ws_demo2/install/setup.zsh'
